NAME_0,run.001_gap.0.01_flip_priority.FALSE_s.000_sum,run.002_gap.0.01_flip_priority.FALSE_s.100_sum,run.003_gap.0.01_flip_priority.FALSE_s.010_sum,run.005_gap.0.01_flip_priority.FALSE_s.001_sum,run.006_gap.0.01_flip_priority.FALSE_s.101_sum,run.007_gap.0.01_flip_priority.FALSE_s.011_sum,run.009_gap.0.01_flip_priority.TRUE_s.000_sum,run.010_gap.0.01_flip_priority.TRUE_s.100_sum,run.011_gap.0.01_flip_priority.TRUE_s.010_sum,run.012_gap.0.01_flip_priority.TRUE_s.110_sum,run.013_gap.0.01_flip_priority.TRUE_s.001_sum,run.014_gap.0.01_flip_priority.TRUE_s.101_sum,run.015_gap.0.01_flip_priority.TRUE_s.011_sum,run.101_gap.0.05_flip_priority.FALSE_s.000_sum,run.102_gap.0.05_flip_priority.FALSE_s.100_sum,run.103_gap.0.05_flip_priority.FALSE_s.010_sum,run.104_gap.0.05_flip_priority.FALSE_s.110_sum,run.105_gap.0.05_flip_priority.FALSE_s.001_sum,run.106_gap.0.05_flip_priority.FALSE_s.101_sum,run.107_gap.0.05_flip_priority.FALSE_s.011_sum,run.108_gap.0.05_flip_priority.FALSE_s.111_sum,run.109_gap.0.05_flip_priority.TRUE_s.000_sum,run.110_gap.0.05_flip_priority.TRUE_s.100_sum,run.111_gap.0.05_flip_priority.TRUE_s.010_sum,run.112_gap.0.05_flip_priority.TRUE_s.110_sum,run.113_gap.0.05_flip_priority.TRUE_s.001_sum,run.114_gap.0.05_flip_priority.TRUE_s.101_sum,run.115_gap.0.05_flip_priority.TRUE_s.011_sum,run.116_gap.0.05_flip_priority.TRUE_s.111_sum
Afghanistan,1426,1017,1891,1626,1152,1751,1426,1017,1891,1560,1626,1279,1645,1426,1017,1891,1891,1626,1623,1655,1654,1426,1017,1891,1292,1626,1067,1650,1650
Åland,0,2,0,0,0,0,0,2,0,0,0,0,0,0,2,0,0,0,0,0,0,0,2,0,2,0,0,0,0
Albania,52,43,61,119,43,62,52,43,61,57,119,43,67,52,43,61,61,119,119,65,65,52,43,61,58,119,43,65,65
Algeria,7698,4793,7011,7002,6763,7277,7698,4793,7011,6144,7002,6878,6911,7698,4793,7011,7016,7002,6999,7048,7049,7698,4793,7011,5702,7002,6895,6961,6961
Andorra,3,3,3,3,3,3,3,3,3,3,3,3,3,3,3,3,3,3,3,3,3,3,3,3,3,3,3,3,3
Angola,3523,3628,3673,3496,3567,3611,3523,3628,3673,3654,3496,3553,3591,3523,3628,3673,3668,3496,3495,3601,3601,3523,3628,3673,3632,3496,3607,3602,3602
Argentina,8273,8160,8808,8946,8253,8784,8273,8160,8808,8512,8946,8361,8790,8273,8160,8808,8791,8946,8932,8799,8803,8273,8160,8808,8375,8946,8216,8762,8762
Armenia,89,134,121,144,136,114,89,134,121,115,144,122,126,89,134,121,118,144,141,117,118,89,134,121,124,144,137,117,117
Australia,24571,24627,25547,25791,25270,25872,24571,24627,25547,25368,25791,25502,25643,24571,24627,25547,25534,25791,25768,25754,25755,24571,24627,25547,25133,25791,25064,25700,25700
Austria,254,454,360,301,471,342,254,454,360,354,301,378,316,254,454,360,361,301,298,337,336,254,454,360,372,301,485,329,329
Azerbaijan,338,186,253,416,219,257,338,186,253,240,416,225,301,338,186,253,251,416,417,257,257,338,186,253,223,416,207,251,251
Bahamas,6,6,6,6,6,6,6,6,6,6,6,6,6,6,6,6,6,6,6,6,6,6,6,6,6,6,6,6,6
Bangladesh,273,163,316,312,200,320,273,163,316,294,312,264,326,273,163,316,312,312,310,324,324,273,163,316,235,312,172,325,325
Belarus,553,178,224,379,182,257,553,178,224,222,379,246,367,553,178,224,225,379,382,297,297,553,178,224,188,379,178,329,329
Belgium,75,84,89,85,75,89,75,84,89,91,85,81,84,75,84,89,89,85,85,89,89,75,84,89,89,85,75,89,89
Belize,72,76,80,84,78,80,72,76,80,73,84,85,80,72,76,80,80,84,88,80,80,72,76,80,73,84,75,79,79
Benin,394,573,475,374,519,465,394,573,475,477,374,436,392,394,573,475,475,374,369,455,455,394,573,475,530,374,553,442,442
Bhutan,212,238,240,248,237,238,212,238,240,238,248,239,234,212,238,240,241,248,246,240,240,212,238,240,229,248,236,238,238
Bolivia,3570,3492,3910,3805,3521,3797,3570,3492,3910,3653,3805,3579,3762,3570,3492,3910,3927,3805,3798,3752,3750,3570,3492,3910,3546,3805,3497,3744,3744
Bosnia and Herzegovina,11,7,54,37,7,48,11,7,54,42,37,8,35,11,7,54,54,37,35,44,44,11,7,54,20,37,7,45,45
Botswana,1848,2056,1870,1739,1792,1769,1848,2056,1870,1952,1739,1757,1743,1848,2056,1870,1863,1739,1733,1776,1776,1848,2056,1870,2031,1739,1878,1778,1778
Brazil,34332,34381,35070,35107,34553,34878,34332,34381,35070,34647,35107,34715,34889,34332,34381,35070,35069,35107,35098,34844,34847,34332,34381,35070,34443,35107,34460,34818,34818
Brunei,18,40,38,26,23,38,18,40,38,38,26,23,32,18,40,38,38,26,24,38,38,18,40,38,38,26,33,38,38
Bulgaria,426,462,487,498,441,481,426,462,487,473,498,451,475,426,462,487,487,498,500,476,476,426,462,487,449,498,451,469,469
Burkina Faso,981,1060,744,810,890,805,981,1060,744,854,810,873,845,981,1060,744,741,810,810,832,832,981,1060,744,991,810,950,870,870
Burundi,18,17,71,84,17,80,18,17,71,45,84,25,77,18,17,71,70,84,85,81,82,18,17,71,18,84,17,83,83
Cambodia,535,501,755,583,544,731,535,501,755,657,583,554,619,535,501,755,750,583,582,716,717,535,501,755,579,583,520,694,694
Cameroon,1652,1675,1565,1701,1738,1544,1652,1675,1565,1561,1701,1693,1624,1652,1675,1565,1561,1701,1704,1563,1561,1652,1675,1565,1572,1701,1763,1569,1569
Canada,25391,27976,25137,27072,27597,26054,25391,27976,25137,26153,27072,27323,26612,25391,27976,25137,25060,27072,27080,26130,26123,25391,27976,25137,26636,27072,27777,26184,26184
Central African Republic,1739,1728,2007,1802,1778,2099,1739,1728,2007,1882,1802,1809,1932,1739,1728,2007,2001,1802,1806,2079,2081,1739,1728,2007,1858,1802,1745,2064,2064
Chad,3119,2699,5080,4184,3413,4985,3119,2699,5080,4444,4184,3888,4219,3119,2699,5080,5030,4184,4185,4482,4480,3119,2699,5080,3493,4184,3155,4353,4353
Chile,2232,2585,2341,2411,2538,2388,2232,2585,2341,2531,2411,2517,2417,2232,2585,2341,2327,2411,2413,2404,2400,2232,2585,2341,2543,2411,2556,2411,2411
China,26439,26133,27694,28326,26514,27819,26439,26133,27694,26810,28326,26850,27630,26439,26133,27694,27676,28326,28316,27701,27700,26439,26133,27694,26522,28326,26374,27629,27629
Colombia,3117,3183,3424,3477,3194,3471,3117,3183,3424,3250,3477,3248,3467,3117,3183,3424,3415,3477,3474,3453,3452,3117,3183,3424,3196,3477,3167,3457,3457
Costa Rica,148,184,164,175,179,163,148,184,164,165,175,178,166,148,184,164,164,175,173,160,160,148,184,164,167,175,178,161,161
Côte d'Ivoire,1005,846,1074,965,892,1033,1005,846,1074,1026,965,915,940,1005,846,1074,1073,965,966,998,998,1005,846,1074,918,965,888,970,970
Croatia,174,194,211,228,190,213,174,194,211,209,228,214,235,174,194,211,211,228,227,210,210,174,194,211,203,228,194,210,210
Cuba,241,241,241,244,241,242,241,241,241,241,244,241,241,241,241,241,241,244,244,241,241,241,241,241,241,244,241,241,241
Cyprus,18,18,18,18,18,18,18,18,18,18,18,18,18,18,18,18,18,18,18,18,18,18,18,18,18,18,18,18,18
Czech Republic,167,169,182,227,170,177,167,169,182,178,227,198,185,167,169,182,182,227,225,178,180,167,169,182,174,227,168,179,179
Democratic Republic of the Congo,6760,6520,6785,7261,6685,7213,6760,6520,6785,6651,7261,6791,7126,6760,6520,6785,6779,7261,7258,7184,7182,6760,6520,6785,6616,7261,6605,7155,7155
Denmark,44,130,63,52,57,61,44,130,63,67,52,47,51,44,130,63,63,52,53,56,56,44,130,63,81,52,76,57,57
Djibouti,128,202,62,63,172,49,128,202,62,63,63,145,49,128,202,62,62,63,61,46,46,128,202,62,130,63,194,43,43
Dominican Republic,142,150,147,153,150,145,142,150,147,149,153,150,147,142,150,147,147,153,151,145,145,142,150,147,150,153,150,145,145
Ecuador,902,869,923,1049,887,1009,902,869,923,878,1049,955,1038,902,869,923,912,1049,1036,1024,1024,902,869,923,872,1049,871,1025,1025
Egypt,2906,5073,4037,3408,4279,3907,2906,5073,4037,5126,3408,3697,3467,2906,5073,4037,4044,3408,3407,3717,3715,2906,5073,4037,5093,3408,4557,3614,3614
El Salvador,61,84,46,46,78,48,61,84,46,57,46,73,47,61,84,46,49,46,47,47,47,61,84,46,62,46,81,49,49
Equatorial Guinea,51,51,51,82,51,63,51,51,51,51,82,51,77,51,51,51,51,82,82,70,72,51,51,51,51,82,51,77,77
Eritrea,361,266,369,611,393,435,361,266,369,388,611,443,592,361,266,369,370,611,614,442,441,361,266,369,331,611,360,476,476
Estonia,94,330,70,94,139,76,94,330,70,121,94,105,85,94,330,70,70,94,94,80,80,94,330,70,186,94,208,79,79
Ethiopia,3484,3964,4253,4115,4002,4403,3484,3964,4253,4051,4115,3962,4157,3484,3964,4253,4257,4115,4113,4382,4377,3484,3964,4253,4056,4115,4012,4315,4315
Falkland Islands,18,22,18,18,22,18,18,22,18,22,18,18,18,18,22,18,18,18,18,18,18,18,22,18,22,18,22,18,18
Fiji,19,19,19,20,19,19,19,19,19,19,20,19,19,19,19,19,19,20,20,19,19,19,19,19,19,20,19,19,19
Finland,1078,3207,1052,1029,2302,1017,1078,3207,1052,1976,1029,1694,1020,1078,3207,1052,1051,1029,1028,967,966,1078,3207,1052,2554,1029,2775,987,987
France,1664,1708,1699,1712,1680,1696,1664,1708,1699,1694,1712,1658,1719,1664,1708,1699,1697,1712,1708,1690,1689,1664,1708,1699,1728,1712,1689,1697,1697
French Guiana,446,470,442,436,461,438,446,470,442,462,436,439,437,446,470,442,442,436,436,437,437,446,470,442,467,436,466,439,439
Gabon,871,1064,860,1015,1041,940,871,1064,860,1027,1015,1022,970,871,1064,860,851,1015,1017,942,942,871,1064,860,1039,1015,1044,941,941
Gambia,23,10,22,40,14,22,23,10,22,21,40,28,27,23,10,22,22,40,39,22,22,23,10,22,18,40,11,22,22
Georgia,282,290,257,266,267,257,282,290,257,260,266,247,269,282,290,257,259,266,265,260,259,282,290,257,271,266,268,256,256
Germany,1302,1482,1353,1331,1399,1320,1302,1482,1353,1339,1331,1377,1305,1302,1482,1353,1353,1331,1334,1307,1306,1302,1482,1353,1349,1331,1422,1301,1301
Ghana,753,1236,791,726,986,777,753,1236,791,800,726,843,711,753,1236,791,792,726,726,768,768,753,1236,791,949,726,1054,767,767
Greece,326,402,485,473,402,472,326,402,485,449,473,413,492,326,402,485,492,473,474,464,465,326,402,485,409,473,400,472,472
Guatemala,324,312,342,370,320,339,324,312,342,330,370,328,346,324,312,342,341,370,369,342,340,324,312,342,327,370,316,342,342
Guinea,861,751,1182,1015,831,1137,861,751,1182,905,1015,861,979,861,751,1182,1184,1015,1005,1096,1096,861,751,1182,834,1015,814,1051,1051
Guinea-Bissau,76,41,105,43,42,56,76,41,105,59,43,41,44,76,41,105,104,43,44,49,49,76,41,105,45,43,40,49,49
Guyana,412,307,400,460,366,456,412,307,400,316,460,413,463,412,307,400,404,460,461,461,461,412,307,400,310,460,332,462,462
Haiti,35,27,36,36,27,36,35,27,36,30,36,28,34,35,27,36,34,36,36,36,36,35,27,36,28,36,27,36,36
Honduras,376,353,415,368,355,400,376,353,415,389,368,349,386,376,353,415,409,368,367,396,397,376,353,415,373,368,356,391,391
Hong Kong,2,4,2,2,4,2,2,4,2,2,2,3,2,2,4,2,2,2,2,2,2,2,4,2,3,2,4,3,3
Hungary,230,582,297,286,352,287,230,582,297,305,286,317,286,230,582,297,298,286,286,286,286,230,582,297,429,286,443,286,286
Iceland,228,233,230,319,239,265,228,233,230,231,319,237,312,228,233,230,230,319,319,298,296,228,233,230,228,319,229,302,302
India,9257,9878,9356,9733,9759,9393,9257,9878,9356,9452,9733,9705,9505,9257,9878,9356,9360,9733,9725,9398,9398,9257,9878,9356,9651,9733,9809,9395,9395
Indonesia,4769,4746,5000,5199,4708,5073,4769,4746,5000,4849,5199,4729,5108,4769,4746,5000,4983,5199,5185,5102,5107,4769,4746,5000,4758,5199,4692,5096,5096
Iran,4973,5034,4509,5042,4907,4582,4973,5034,4509,4546,5042,4864,4835,4973,5034,4509,4502,5042,5032,4670,4669,4973,5034,4509,4768,5042,4962,4709,4709
Iraq,760,494,978,965,619,1010,760,494,978,778,965,757,978,760,494,978,975,965,968,1032,1032,760,494,978,594,965,552,1009,1009
Ireland,81,81,170,102,81,157,81,81,170,154,102,86,114,81,81,170,166,102,102,143,143,81,81,170,125,102,81,133,133
Israel,92,193,81,122,178,85,92,193,81,107,122,164,105,92,193,81,81,122,121,91,91,92,193,81,165,122,188,92,92
Italy,799,794,886,857,794,881,799,794,886,817,857,793,846,799,794,886,890,857,860,852,854,799,794,886,795,857,793,849,849
Jamaica,20,20,20,28,20,20,20,20,20,20,28,20,20,20,20,20,20,28,30,20,20,20,20,20,20,28,20,20,20
Japan,927,1097,1005,920,980,993,927,1097,1005,992,920,975,921,927,1097,1005,1010,920,923,944,943,927,1097,1005,979,920,1025,944,944
Jordan,303,633,225,371,529,317,303,633,225,424,371,485,370,303,633,225,224,371,379,354,352,303,633,225,551,371,582,370,370
Kazakhstan,7541,8369,9046,8277,8281,8766,7541,8369,9046,8542,8277,8220,8410,7541,8369,9046,9035,8277,8279,8602,8606,7541,8369,9046,8811,8277,8313,8576,8576
Kenya,1577,1718,1699,1804,1671,1720,1577,1718,1699,1700,1804,1669,1741,1577,1718,1699,1697,1804,1804,1711,1710,1577,1718,1699,1674,1804,1690,1714,1714
Kosovo,5,3,3,9,4,3,5,3,3,3,9,2,1,5,3,3,3,9,9,3,3,5,3,3,3,9,4,2,2
Kuwait,86,145,115,80,146,111,86,145,115,116,80,127,88,86,145,115,115,80,80,103,103,86,145,115,120,80,145,104,104
Kyrgyzstan,455,572,788,599,513,750,455,572,788,708,599,473,618,455,572,788,788,599,598,698,699,455,572,788,630,599,535,676,676
Laos,677,520,789,731,557,801,677,520,789,690,731,618,804,677,520,789,788,731,736,808,809,677,520,789,602,731,539,812,812
Latvia,157,216,135,238,274,142,157,216,135,149,238,238,240,157,216,135,133,238,234,142,142,157,216,135,177,238,272,156,156
Lebanon,13,18,39,31,27,37,13,18,39,35,31,30,33,13,18,39,37,31,31,37,37,13,18,39,28,31,23,36,36
Lesotho,37,36,57,136,34,67,37,36,57,57,136,35,96,37,36,57,55,136,130,77,77,37,36,57,45,136,34,78,78
Liberia,200,185,339,235,194,289,200,185,339,263,235,209,246,200,185,339,337,235,235,274,274,200,185,339,211,235,182,261,261
Libya,3108,343,3926,4088,1561,3736,3108,343,3926,1362,4088,3130,3965,3108,343,3926,3655,4088,4097,3611,3615,3108,343,3926,704,4088,1028,3672,3672
Liechtenstein,0,0,0,0,0,0,0,0,0,0,0,0,0,0,0,0,0,0,0,0,0,0,0,0,0,0,0,0,0
Lithuania,126,498,130,198,308,132,126,498,130,136,198,246,188,126,498,130,130,198,196,129,129,126,498,130,264,198,360,137,137
Luxembourg,13,15,13,13,13,13,13,15,13,13,13,13,13,13,15,13,13,13,13,13,13,13,15,13,13,13,14,13,13
Macedonia,57,51,56,86,51,55,57,51,56,55,86,56,53,57,51,56,56,86,88,51,51,57,51,56,45,86,51,50,50
Madagascar,1629,1630,1690,1682,1631,1711,1629,1630,1690,1661,1682,1631,1666,1629,1630,1690,1682,1682,1680,1687,1686,1629,1630,1690,1630,1682,1631,1680,1680
Malawi,424,367,282,470,403,351,424,367,282,309,470,414,369,424,367,282,283,470,470,357,357,424,367,282,332,470,373,356,356
Malaysia,893,992,967,1064,994,994,893,992,967,946,1064,1029,1002,893,992,967,958,1064,1067,966,962,893,992,967,963,1064,989,963,963
Mali,3946,7259,3621,2838,3586,3230,3946,7259,3621,5747,2838,3009,2880,3946,7259,3621,3768,2838,2836,3105,3108,3946,7259,3621,6364,2838,3826,2953,2953
Mauritania,2676,2274,3669,3478,3633,3643,2676,2274,3669,2713,3478,3553,3607,2676,2274,3669,3618,3478,3476,3788,3784,2676,2274,3669,2586,3478,3397,3865,3865
Mauritius,1,1,1,1,1,1,1,1,1,1,1,1,1,1,1,1,1,1,1,1,1,1,1,1,1,1,1,1,1
Mexico,5660,5444,6120,6002,5458,6064,5660,5444,6120,5692,6002,5533,5999,5660,5444,6120,6072,6002,5990,6032,6038,5660,5444,6120,5516,6002,5416,6027,6027
Moldova,33,14,6,53,63,14,33,14,6,15,53,68,33,33,14,6,5,53,53,20,20,33,14,6,4,53,34,24,24
Mongolia,5008,6717,5492,5436,6141,5934,5008,6717,5492,5732,5436,5718,5366,5008,6717,5492,5490,5436,5433,5822,5825,5008,6717,5492,6078,5436,6370,5717,5717
Montenegro,62,52,26,42,54,26,62,52,26,29,42,56,27,62,52,26,26,42,42,27,27,62,52,26,34,42,50,26,26
Morocco,2114,2151,1778,2374,2037,1875,2114,2151,1778,1925,2374,2006,2119,2114,2151,1778,1768,2374,2381,1888,1887,2114,2151,1778,1992,2374,2082,1910,1910
Mozambique,1927,2072,2190,2106,2060,2233,1927,2072,2190,2150,2106,2048,2141,1927,2072,2190,2179,2106,2098,2207,2206,1927,2072,2190,2106,2106,2067,2189,2189
Myanmar,1792,1594,2304,2049,1625,2268,1792,1594,2304,1875,2049,1681,2080,1792,1594,2304,2307,2049,2039,2200,2201,1792,1594,2304,1702,2049,1590,2159,2159
Namibia,3422,3467,3505,3693,3590,3575,3422,3467,3505,3546,3693,3626,3646,3422,3467,3505,3510,3693,3695,3586,3587,3422,3467,3505,3432,3693,3540,3596,3596
Nepal,559,517,647,756,539,653,559,517,647,585,756,591,692,559,517,647,646,756,755,661,660,559,517,647,526,756,518,668,668
Netherlands,82,244,87,74,91,88,82,244,87,95,74,80,80,82,244,87,87,74,74,87,87,82,244,87,123,74,122,88,88
New Caledonia,40,40,40,41,40,40,40,40,40,40,41,40,41,40,40,40,40,41,41,40,40,40,40,40,40,41,40,40,40
New Zealand,880,880,903,893,880,902,880,880,903,903,893,882,896,880,880,903,903,893,893,901,901,880,880,903,896,893,880,898,898
Nicaragua,501,474,494,497,476,497,501,474,494,487,497,485,499,501,474,494,495,497,494,497,496,501,474,494,478,497,470,502,502
Niger,3886,4773,3332,3849,4534,3397,3886,4773,3332,3771,3849,4037,3781,3886,4773,3332,3505,3849,3845,3525,3525,3886,4773,3332,4173,3849,4591,3620,3620
Nigeria,2658,2048,2273,2911,2433,2301,2658,2048,2273,2366,2911,2675,2705,2658,2048,2273,2276,2911,2916,2391,2391,2658,2048,2273,2327,2911,2277,2472,2472
North Korea,333,3,347,530,31,359,333,3,347,253,530,124,457,333,3,347,347,530,528,384,385,333,3,347,90,530,6,399,399
Northern Cyprus,0,0,0,0,0,0,0,0,0,0,0,0,0,0,0,0,0,0,0,0,0,0,0,0,0,0,0,0,0
Norway,866,1608,1249,1728,1563,1432,866,1608,1249,1316,1728,1582,1639,866,1608,1249,1260,1728,1728,1498,1497,866,1608,1249,1452,1728,1571,1487,1487
Oman,1256,2290,1575,1274,1787,1306,1256,2290,1575,1798,1274,1545,1264,1256,2290,1575,1593,1274,1276,1203,1203,1256,2290,1575,2178,1274,1958,1198,1198
Pakistan,2896,2671,2792,2890,2713,2765,2896,2671,2792,2731,2890,2761,2842,2896,2671,2792,2778,2890,2876,2759,2760,2896,2671,2792,2729,2890,2723,2779,2779
Palestina,37,2,18,27,2,17,37,2,18,12,27,12,22,37,2,18,18,27,25,18,18,37,2,18,2,27,2,18,18
Panama,205,195,222,207,197,219,205,195,222,213,207,197,208,205,195,222,220,207,204,217,217,205,195,222,207,207,200,215,215
Papua New Guinea,1127,1090,1193,1185,1117,1176,1127,1090,1193,1136,1185,1125,1175,1127,1090,1193,1167,1185,1183,1173,1174,1127,1090,1193,1114,1185,1111,1175,1175
Paraguay,1257,1063,1391,1278,1145,1341,1257,1063,1391,1240,1278,1203,1263,1257,1063,1391,1398,1278,1276,1286,1285,1257,1063,1391,1123,1278,1088,1294,1294
Peru,3937,3994,4122,4078,3926,4140,3937,3994,4122,4016,4078,3900,4085,3937,3994,4122,4099,4078,4067,4145,4147,3937,3994,4122,3970,4078,3941,4144,4144
Philippines,597,597,617,604,597,613,597,597,617,601,604,597,608,597,597,617,616,604,603,611,611,597,597,617,597,604,597,612,612
Poland,1247,1328,1263,1324,1295,1258,1247,1328,1263,1263,1324,1293,1265,1247,1328,1263,1262,1324,1321,1259,1259,1247,1328,1263,1290,1324,1309,1256,1256
Portugal,220,255,272,207,221,262,220,255,272,250,207,202,234,220,255,272,272,207,210,256,255,220,255,272,237,207,234,251,251
Puerto Rico,14,15,16,14,14,16,14,15,16,16,14,14,16,14,15,16,16,14,14,16,16,14,15,16,15,14,14,16,16
Qatar,8,68,11,11,22,14,8,68,11,12,11,14,9,8,68,11,11,11,11,12,12,8,68,11,48,11,29,9,9
Republic of Congo,791,682,831,903,705,875,791,682,831,727,903,798,903,791,682,831,828,903,899,885,885,791,682,831,692,903,692,891,891
Reunion,4,4,4,4,4,4,4,4,4,4,4,4,4,4,4,4,4,4,5,4,4,4,4,4,4,4,4,4,4
Romania,683,703,822,866,751,815,683,703,822,768,866,763,807,683,703,822,824,866,873,849,851,683,703,822,716,866,710,845,845
Russia,47840,43714,48747,51031,46081,50152,47840,43714,48747,46876,51031,47486,50805,47840,43714,48747,48666,51031,51015,50449,50448,47840,43714,48747,45597,51031,45030,50523,50523
Rwanda,77,77,77,106,107,78,77,77,77,78,106,105,77,77,77,77,78,106,105,78,78,77,77,77,78,106,102,77,77
Saudi Arabia,5110,4534,5063,5226,5311,5084,5110,4534,5063,4993,5226,5351,5181,5110,4534,5063,5053,5226,5215,5182,5183,5110,4534,5063,4868,5226,5049,5213,5213
Senegal,698,860,1096,861,781,959,698,860,1096,971,861,762,828,698,860,1096,1094,861,861,900,899,698,860,1096,888,861,814,855,855
Serbia,185,70,152,155,74,146,185,70,152,144,155,99,135,185,70,152,153,155,155,143,142,185,70,152,104,155,65,140,140
Sierra Leone,276,325,184,203,266,202,276,325,184,237,203,239,224,276,325,184,186,203,204,204,204,276,325,184,271,203,277,218,218
Singapore,1,3,1,1,3,1,1,3,1,1,1,3,1,1,3,1,1,1,1,1,1,1,3,1,1,1,3,1,1
Slovakia,256,197,237,254,234,243,256,197,237,229,254,235,256,256,197,237,237,254,254,245,245,256,197,237,222,254,236,241,241
Slovenia,121,112,131,124,124,127,121,112,131,130,124,125,128,121,112,131,131,124,124,127,127,121,112,131,125,124,118,128,128
Solomon Islands,18,18,19,18,18,18,18,18,19,18,18,18,18,18,18,19,19,18,18,18,18,18,18,19,18,18,18,18,18
Somalia,1778,1348,1676,1940,1471,1706,1778,1348,1676,1470,1940,1633,1883,1778,1348,1676,1673,1940,1941,1754,1754,1778,1348,1676,1391,1940,1389,1799,1799
South Africa,3855,3776,4003,4049,3904,4067,3855,3776,4003,3903,4049,3981,4007,3855,3776,4003,3998,4049,4044,4032,4031,3855,3776,4003,3858,4049,3835,4010,4010
South Georgia and the South Sandwich Islands,1,1,1,1,1,1,1,1,1,1,1,1,1,1,1,1,1,1,1,1,1,1,1,1,1,1,1,1,1
South Korea,245,537,356,267,506,283,245,537,356,314,267,418,254,245,537,356,357,267,257,266,266,245,537,356,453,267,531,265,265
South Sudan,1736,1343,2084,1783,1474,1943,1736,1343,2084,1645,1783,1584,1765,1736,1343,2084,2086,1783,1784,1895,1895,1736,1343,2084,1461,1783,1409,1839,1839
Spain,1495,1455,1642,1617,1514,1663,1495,1455,1642,1586,1617,1566,1595,1495,1455,1642,1653,1617,1618,1667,1670,1495,1455,1642,1501,1617,1487,1654,1654
Sri Lanka,192,194,245,216,192,237,192,194,245,203,216,192,201,192,194,245,243,216,216,222,222,192,194,245,192,216,192,219,219
Sudan,4516,3890,3626,3966,3830,3712,4516,3890,3626,3662,3966,3840,3982,4516,3890,3626,3644,3966,3966,3896,3899,4516,3890,3626,3702,3966,3742,3919,3919
Suriname,317,398,345,306,347,304,317,398,345,397,306,324,302,317,398,345,342,306,305,298,298,317,398,345,398,306,376,298,298
Svalbard and Jan Mayen,182,189,183,182,186,182,182,189,183,188,182,183,182,182,189,183,182,182,182,183,182,182,189,183,188,182,189,182,182
Swaziland,22,12,39,58,15,39,22,12,39,25,58,25,41,22,12,39,38,58,58,36,36,22,12,39,17,58,12,38,38
Sweden,698,2110,1419,1400,1690,1607,698,2110,1419,1770,1400,1648,1405,698,2110,1419,1419,1400,1398,1593,1595,698,2110,1419,1927,1400,1762,1576,1576
Switzerland,39,207,89,93,160,85,39,207,89,74,93,117,72,39,207,89,90,93,92,76,75,39,207,89,99,93,180,71,71
Syria,589,403,656,652,397,528,589,403,656,456,652,435,591,589,403,656,663,652,651,525,525,589,403,656,394,652,369,549,549
Taiwan,99,113,111,103,99,115,99,113,111,110,103,99,109,99,113,111,110,103,101,113,113,99,113,111,102,103,101,113,113
Tajikistan,597,562,634,542,553,626,597,562,634,538,542,546,568,597,562,634,638,542,546,554,555,597,562,634,558,542,549,549,549
Tanzania,3832,3869,4013,3978,3874,4081,3832,3869,4013,3927,3978,3868,4033,3832,3869,4013,4013,3978,3980,4065,4065,3832,3869,4013,3891,3978,3877,4063,4063
Thailand,1586,1872,1551,1647,1771,1542,1586,1872,1551,1604,1647,1706,1539,1586,1872,1551,1551,1647,1650,1533,1534,1586,1872,1551,1702,1647,1821,1531,1531
Timor-Leste,24,21,25,29,25,24,24,21,25,24,29,25,24,24,21,25,24,29,29,25,25,24,21,25,23,29,23,24,24
Togo,112,60,121,230,87,134,112,60,121,113,230,160,215,112,60,121,119,230,232,156,156,112,60,121,79,230,60,157,157
Trinidad and Tobago,4,4,5,6,4,4,4,4,5,4,6,4,4,4,4,5,5,6,4,4,4,4,4,5,4,6,4,4,4
Tunisia,598,1002,386,637,916,405,598,1002,386,461,637,753,617,598,1002,386,386,637,640,563,564,598,1002,386,843,637,1010,603,603
Turkey,2021,2201,2241,2160,2203,2245,2021,2201,2241,2250,2160,2197,2183,2021,2201,2241,2235,2160,2152,2238,2237,2021,2201,2241,2244,2160,2197,2240,2240
Turkmenistan,1409,1004,1175,1714,1278,1348,1409,1004,1175,1298,1714,1467,1699,1409,1004,1175,1178,1714,1713,1519,1518,1409,1004,1175,1242,1714,1166,1544,1544
Uganda,744,842,624,640,759,642,744,842,624,669,640,687,610,744,842,624,623,640,640,635,634,744,842,624,748,640,789,636,636
Ukraine,1643,1273,1165,1709,1436,1176,1643,1273,1165,1151,1709,1517,1485,1643,1273,1165,1164,1709,1713,1264,1263,1643,1273,1165,1103,1709,1403,1306,1306
United Arab Emirates,163,609,208,237,356,195,163,609,208,419,237,283,195,163,609,208,209,237,237,169,169,163,609,208,465,237,476,151,151
United Kingdom,637,569,743,793,722,739,637,569,743,701,793,786,746,637,569,743,744,793,790,739,740,637,569,743,621,793,648,746,746
United States,28898,27520,30798,30582,28799,31105,28898,27520,30798,30149,30582,29327,30732,28898,27520,30798,30775,30582,30559,31018,31028,28898,27520,30798,29576,30582,28419,30987,30987
Uruguay,544,807,508,521,696,510,544,807,508,594,521,623,522,544,807,508,508,521,520,508,507,544,807,508,689,521,749,523,523
Uzbekistan,1097,728,1831,1180,862,1552,1097,728,1831,1442,1180,956,1115,1097,728,1831,1830,1180,1174,1384,1383,1097,728,1831,895,1180,784,1325,1325
Vanuatu,2,2,2,2,2,2,2,2,2,2,2,2,2,2,2,2,2,2,2,2,2,2,2,2,2,2,2,2,2
Venezuela,4348,4332,4462,4530,4338,4462,4348,4332,4462,4382,4530,4361,4453,4348,4332,4462,4460,4530,4528,4446,4446,4348,4332,4462,4335,4530,4331,4441,4441
Vietnam,880,963,894,979,957,898,880,963,894,872,979,940,941,880,963,894,888,979,979,897,897,880,963,894,901,979,964,898,898
Western Sahara,522,1329,885,726,1021,1001,522,1329,885,1273,726,957,850,522,1329,885,914,726,723,997,996,522,1329,885,1194,726,1147,971,971
Yemen,1214,496,1333,1552,572,1404,1214,496,1333,911,1552,837,1437,1214,496,1333,1323,1552,1556,1429,1430,1214,496,1333,564,1552,510,1434,1434
Zambia,2901,2965,2964,2838,2967,2923,2901,2965,2964,3024,2838,2949,2885,2901,2965,2964,2960,2838,2837,2909,2908,2901,2965,2964,3014,2838,2970,2907,2907
Zimbabwe,1396,1306,1537,1376,1317,1577,1396,1306,1537,1421,1376,1338,1408,1396,1306,1537,1531,1376,1377,1524,1523,1396,1306,1537,1339,1376,1314,1506,1506
