"","Afghanistan","Akrotiri.and.Dhekelia","Åland","Albania","Algeria","Andorra","Angola","Antigua.and.Barbuda","Argentina","Armenia","Aruba","Australia","Austria","Azerbaijan","Bahamas","Bahrain","Bangladesh","Barbados","Belarus","Belgium","Belize","Benin","Bhutan","Bolivia","Bonaire..Sint.Eustatius.and.Saba","Bosnia.and.Herzegovina","Botswana","Brazil","British.Virgin.Islands","Brunei","Bulgaria","Burkina.Faso","Burundi","Cambodia","Cameroon","Canada","Cayman.Islands","Central.African.Republic","Chad","Chile","China","Colombia","Comoros","Costa.Rica","Côte.d.Ivoire","Croatia","Cuba","Curaçao","Cyprus","Czech.Republic","Democratic.Republic.of.the.Congo","Denmark","Djibouti","Dominica","Dominican.Republic","Ecuador","Egypt","El.Salvador","Equatorial.Guinea","Eritrea","Estonia","Ethiopia","Falkland.Islands","Faroe.Islands","Fiji","Finland","France","French.Guiana","French.Polynesia","Gabon","Gambia","Georgia","Germany","Ghana","Greece","Greenland","Grenada","Guadeloupe","Guatemala","Guernsey","Guinea","Guinea.Bissau","Guyana","Haiti","Honduras","Hong.Kong","Hungary","Iceland","India","Indonesia","Iran","Iraq","Ireland","Isle.of.Man","Israel","Italy","Jamaica","Japan","Jordan","Kazakhstan","Kenya","Kosovo","Kuwait","Kyrgyzstan","Laos","Latvia","Lebanon","Lesotho","Liberia","Libya","Liechtenstein","Lithuania","Luxembourg","Macedonia","Madagascar","Malawi","Malaysia","Mali","Malta","Martinique","Mauritania","Mauritius","Mayotte","Mexico","Moldova","Mongolia","Montenegro","Montserrat","Morocco","Mozambique","Myanmar","Namibia","Nepal","Netherlands","New.Caledonia","New.Zealand","Nicaragua","Niger","Nigeria","Niue","North.Korea","Northern.Cyprus","Norway","Oman","Pakistan","Palestina","Panama","Papua.New.Guinea","Paraguay","Peru","Philippines","Poland","Portugal","Puerto.Rico","Qatar","Republic.of.Congo","Reunion","Romania","Russia","Rwanda","Saint.Martin","Saint.Kitts.and.Nevis","Saint.Lucia","Saint.Pierre.and.Miquelon","Saint.Vincent.and.the.Grenadines","São.Tomé.and.Príncipe","Saudi.Arabia","Senegal","Serbia","Sierra.Leone","Singapore","Slovakia","Slovenia","Solomon.Islands","Somalia","South.Africa","South.Korea","South.Sudan","Spain","Sri.Lanka","Sudan","Suriname","Swaziland","Sweden","Switzerland","Syria","Taiwan","Tajikistan","Tanzania","Thailand","Timor.Leste","Togo","Trinidad.and.Tobago","Tunisia","Turkey","Turkmenistan","Turks.and.Caicos.Islands","Uganda","Ukraine","United.Arab.Emirates","United.Kingdom","United.States","Uruguay","Uzbekistan","Vanuatu","Venezuela","Vietnam","Virgin.Islands..U.S.","Western.Sahara","Yemen","Zambia","Zimbabwe"
"S",0.687116564417178,1,NA,0.944444444444444,0.6283712321523,1,1.02107333520652,1,0.980507055728295,1.80821917808219,1,0.999920723006184,1.86363636363636,0.481770833333333,1,NA,0.536443148688047,1,0.296666666666667,1,1.075,1.41221374045802,1.14356435643564,0.979442410588567,NA,0.615384615384615,1.10386079390973,1.00071804003791,1,2.61904761904762,1.03640256959315,1.08390918065153,1,0.931654676258993,1.02002427184466,1.12297208347853,2,0.991944764096663,0.856270096463023,1.13506295307135,0.983581577844653,1.01115933044017,1,1.22950819672131,0.849206349206349,1.13270142180095,1,1.66666666666667,1,1.01197604790419,0.962700869821613,2.19736842105263,1.46527777777778,1,1.02890173410405,0.947826086956522,1.7879316358563,1.42647058823529,0.966101694915254,0.729946524064171,3.16831683168317,1.13593346716375,1.28571428571429,NA,1,3.22309970384995,1.04200700116686,1.06858407079646,1,1.20382882882883,0.5,1.06691449814126,1.13207547169811,1.65498652291105,1.14989733059548,1.0329489291598,1,1,0.927536231884058,NA,0.872146118721461,0.593406593406593,0.743467933491686,0.931034482758621,0.921119592875318,1.85714285714286,2.61711711711712,1.03174603174603,1.06876456876457,0.989848589125946,1.05245697698528,0.652892561983471,0.950980392156863,1,2.28723404255319,0.990343347639485,1,1.28546712802768,2.14814814814815,1.11269862464949,1.09757653061224,0.3,1.63265306122449,1.21609195402299,0.759420289855072,1.30681818181818,1.26666666666667,0.897435897435897,0.876777251184834,0.105979869745411,NA,3.76923076923077,1.46153846153846,0.943396226415094,1.00955056179775,0.873205741626794,1.0824644549763,1.83682219419924,1,1,0.819964349376114,1,1,0.963467286615742,0.478260869565217,1.37364657814096,0.753846153846154,1,1.02262234533703,1.06200396825397,0.885094850948509,1.0173000567215,0.925512104283054,2.65656565656566,1,1,0.929347826086957,1.25045703839122,0.773408239700375,1,0.00258397932816537,NA,1.66309204647006,1.80061585835258,0.937795562022554,0.0681818181818182,0.972222222222222,0.967718794835007,0.85048231511254,1.00323866467364,1.00101317122594,1.0735524256651,1.136,1,7.92307692307692,0.859119496855346,1,1.04063860667634,0.901631429663455,1,1,1,1,NA,1,1,0.875410469383813,1.23595505617978,0.317757009345794,1.21942446043165,4,0.816666666666667,1,1.01234567901235,0.762445887445887,0.971884498480243,2.11538461538462,0.764773379231211,0.968164794007491,1.00881057268722,0.866710875331565,1.22383720930233,0.666666666666667,3.22604790419162,5.51428571428571,0.75134168157424,1.12403100775194,0.957671957671958,1.01242236024845,1.190273556231,0.847826086956522,0.535087719298246,1,1.73366834170854,1.07352256863658,0.677691766361717,1,1.10326797385621,0.7625284738041,3.74431818181818,0.944233206590621,0.951501078122408,1.48369565217391,0.638961038961039,1,0.994834942735235,1.07372793354102,1,2.64023210831721,0.425911559348332,1.02439886845827,0.935277382645804
"L",1.15882753919564,1,NA,1.16666666666667,0.919222633527234,1,1.03427929193594,1,1.0337239894762,1.36986301369863,1,1.03341525289361,1.00413223140496,0.513020833333333,1,NA,1,1,1.1,1.22077922077922,1.0125,1.12722646310433,1.07920792079208,1.07012109264996,NA,2.92307692307692,0.958673191952148,1.01970301864032,1,1.14285714285714,1.15845824411135,0.706811451135242,1.70588235294118,1.3794964028777,1.09041262135922,1.00007743833972,1,0.999424626006905,1.48263665594855,1.04540251812285,1.06994019275456,1.05796652200868,1,1.21311475409836,1.0625,1.36492890995261,1,0.666666666666667,1.03030303030303,1.12574850299401,1.01636444051305,1.30263157894737,0.381944444444444,1,1.09248554913295,1.03381642512077,1.49494244855249,1.05882352941176,1.54237288135593,1.11764705882353,1.45544554455446,1.25695440206481,1.4,NA,1,1.03060217176703,1.06009334889148,0.997787610619469,1,0.987612612612613,1.25,1.36059479553903,0.997735849056604,1.03099730458221,1.13757700205339,1.05301782237532,1,1,0.991304347826087,NA,1.1689497716895,0.989010989010989,1.11401425178147,1.01724137931034,1.08905852417303,1.42857142857143,1.30630630630631,1.15343915343915,1.03538885357067,1.02959394356504,0.966203607713042,1.2396694214876,1,1.5,1.27659574468085,1.05793991416309,1,1.11072664359862,0.828282828282828,0.939644812391508,0.99234693877551,2.9,1.40816326530612,1.08045977011494,1.06086956521739,1.30113636363636,1.53333333333333,0.923076923076923,2.27962085308057,1.02605091770278,NA,1.48461538461538,1,1.60377358490566,1.04213483146067,0.708133971291866,0.943127962085308,0.841614123581337,1,1,1.374688057041,1,1,1.04782464297576,0.304347826086957,1.01246169560776,0.553846153846154,1,0.811634349030471,1.18799603174603,1.13116531165312,1.00425411230856,1.18808193668529,1.08080808080808,1.01470588235294,1.01720841300191,0.963768115942029,1.07913293288065,0.89812734082397,1,0.832041343669251,NA,0.906166219839142,1.30331023864511,1.02109858130229,0.431818181818182,1.03571428571429,1,1.13665594855305,1.03039362232187,1.04761904761905,1.00391236306729,1.136,1,4.38461538461539,1.10691823899371,1,1.20754716981132,1.03315161634246,1.01315789473684,1,1,1,NA,1,1,0.929109522889704,1.01544943820225,0.668224299065421,0.607913669064748,1,1.0375,1.01754385964912,1,0.96969696969697,1.04635258358663,1.86013986013986,1.2065404475043,1.04993757802747,1.20704845814978,0.771220159151194,1.03488372093023,4.44444444444444,1.21407185628743,1.34285714285714,1.1824686940966,1.06976744186047,1.15167548500882,1.06340579710145,1.009726443769,1.19565217391304,1.30701754385965,1.05555555555556,0.750418760469012,1.05118659841787,0.758620689655172,1,0.866666666666667,0.894646924829157,1.52272727272727,1.04055766793409,1.06352628960027,0.981884057971015,1.68658008658009,1.02941176470588,1.05501908825511,1.00830737279335,1,1.59187620889749,1.12490302560124,1.04455445544554,0.998577524893314
"C",1.08179959100205,1,NA,1.22222222222222,0.689846641988366,1,1.02107333520652,1,1.01076297536475,1.28767123287671,1,1.01688599968289,0.991735537190083,0.7890625,1,NA,1.06705539358601,1,0.523333333333333,1.01298701298701,1.05,1.06615776081425,0.985148514851485,1.01126443255421,NA,1.07692307692308,0.994018488308864,1.01022489013987,1,1.38095238095238,1.02783725910064,0.811451135241856,2.11764705882353,1.10971223021583,0.953883495145631,1.00321369109846,1,1.03970080552359,0.960450160771704,1.01755055322396,1.00887585234848,1.02355858648481,1,0.972677595628415,0.945436507936508,1.00473933649289,1,1,1,1.07185628742515,1.03228659885007,1,0.548611111111111,1,0.988439306358382,0.978743961352657,0.927101499825602,0.970588235294118,1.08474576271186,1,1.2970297029703,1.03441353599082,1.08571428571429,NA,1,1.39387956564659,1.01925320886814,0.991150442477876,1,1.07432432432432,0.785714285714286,0.724907063197026,1.03622641509434,1.18867924528302,0.969199178644764,1.10513703759173,1,1,0.979710144927536,NA,1.00684931506849,1.04395604395604,0.821852731591449,1.08620689655172,1.02035623409669,1,1.25225225225225,0.978835978835979,0.996291587200678,1.00550584996559,0.984864192411362,1.1969696969697,1.07843137254902,1,1.04255319148936,0.998927038626609,1.02857142857143,1.0060553633218,0.929292929292929,1.01735879289625,0.985331632653061,0.9,0.724489795918367,0.974712643678161,0.947826086956522,0.920454545454545,1.46666666666667,1,0.985781990521327,1.47661338069864,NA,1.32307692307692,1,1.22641509433962,1.00674157303371,0.794258373205742,0.98957345971564,0.897856242118537,1,1,1.18859180035651,1,1,1.01444702756559,1.08695652173913,0.990194075587334,0.846153846153846,1,0.878578024007387,1.04315476190476,1.01138211382114,0.986954055587068,1,0.94949494949495,1,1.0038240917782,0.976449275362319,1.15878819535127,0.937453183520599,1,0.953488372093023,NA,0.962466487935657,0.903002309468822,0.985813022917425,0.704545454545455,1.01587301587302,0.994978479196557,1.04903536977492,1.00572994519183,1.00506585612969,1.03442879499218,1.048,1,1.07692307692308,0.99874213836478,1,0.991291727140784,1.01579127356118,1.15789473684211,1,1,1,NA,1,1,1.04249565385358,1.02808988764045,0.948598130841122,1.15467625899281,1.5,0.8375,0.982456140350877,1,1.05844155844156,1.0450861195542,1,1.0728628800918,0.995006242197253,1.01321585903084,1.0685234305924,1.23546511627907,2,1.6062874251497,1.08571428571429,1,1.0077519379845,0.978835978835979,1.01035196687371,0.995136778115501,1,1.65789473684211,1,0.758793969849246,1.01582131223825,1.02603800140746,1,0.905882352941176,0.959567198177677,1.53977272727273,1.16856780735108,1.00557306352629,0.998188405797101,1.03030303030303,1,1.00538962497193,1.00623052959502,1,2.77949709864604,0.924747866563227,0.99964639321075,1.02204836415363
"SL",1.15678254942059,1,NA,1.18518518518519,0.914463246959281,1,1.03203146951391,1,1.03085386271227,1.35616438356164,1,1.03297922942762,1.00413223140496,0.505208333333333,1,NA,0.997084548104956,1,1.105,1.16883116883117,1,1.12977099236641,1.08415841584158,1.06674176288369,NA,3,0.956498096791735,1.01918602981302,1,1.23809523809524,1.15845824411135,0.706811451135242,1.70588235294118,1.39028776978417,1.08919902912621,0.997483253959035,1,0.998273878020713,1.48520900321543,1.05341472720336,1.0692545045903,1.05145691258524,1,1.18579234972678,1.05952380952381,1.36018957345972,1,0.666666666666667,1,1.11377245508982,1.01444788441692,1.28947368421053,0.381944444444444,1,1.09248554913295,1.02705314009662,1.44925008719916,1.08823529411765,1.49152542372881,1.10695187165775,1.46534653465347,1.25838829939776,1.65714285714286,NA,1,1.02665350444225,1.05950991831972,1.00221238938053,1,0.989864864864865,1.25,1.34944237918216,0.994716981132076,1.02964959568733,1.13552361396304,1.05166991163696,1,1,0.994202898550725,NA,1.16666666666667,0.967032967032967,1.13064133016627,1.01724137931034,1.0763358778626,1.42857142857143,1.30630630630631,1.13227513227513,1.03475312566222,1.02391603578802,0.963508189923284,1.22727272727273,1.00980392156863,1.5,1.28723404255319,1.05901287553648,1,1.11072664359862,0.824915824915825,0.939511283215383,0.989795918367347,3,1.41836734693878,1.06896551724138,1.05797101449275,1.25568181818182,1.53333333333333,0.948717948717949,2.29857819905213,1.07519242155121,NA,1.49230769230769,1,1.60377358490566,1.04213483146067,0.708133971291866,0.941232227488152,0.843379571248424,1,1,1.39322638146168,1,1,1.04433742942544,0.260869565217391,1.01041879468846,0.553846153846154,1,0.814404432132964,1.18353174603175,1.1219512195122,1.00397050482133,1.19366852886406,1.08080808080808,1.01470588235294,1.01720841300191,0.956521739130435,1.07782710890572,0.893258426966292,1,0.832041343669251,NA,0.914209115281501,1.30484988452656,1.01818843215715,0.409090909090909,1.03174603174603,0.992109038737446,1.13504823151125,1.02715495764823,1.04660587639311,1.00547730829421,1.14,1,4.38461538461539,1.10817610062893,1,1.20174165457184,1.03216591901189,1.01315789473684,1,1,1,NA,1,1,0.926984740197025,1.01685393258427,0.663551401869159,0.618705035971223,1,1.04166666666667,1.01754385964912,1,0.971861471861472,1.04736575481256,1.83916083916084,1.21055651176133,1.05118601747815,1.20704845814978,0.768788682581786,1.01453488372093,4.5,1.21107784431138,1.37142857142857,1.1824686940966,1.06976744186047,1.14814814814815,1.06444099378882,1.00607902735562,1.19565217391304,1.30701754385965,1.05555555555556,0.748743718592965,1.04839460214053,0.762843068261787,1,0.860130718954248,0.896355353075171,1.52840909090909,1.03929024081115,1.06342677060872,0.976449275362319,1.68398268398268,1.02941176470588,1.05456995284078,1.00103842159917,1,1.50290135396518,1.1233514352211,1.04278642149929,0.995732574679943
"LS",1.16155419222904,1,NA,1.16666666666667,0.917636171337916,1,1.03821298117449,1,1.0324085147094,1.35616438356164,1,1.03361344537815,1.00413223140496,0.5078125,1,NA,1,1,1.10166666666667,1.16883116883117,1.0125,1.12977099236641,1.08910891089109,1.07040270346381,NA,2.76923076923077,0.954323001631321,1.01976046184335,1,1.14285714285714,1.15845824411135,0.706811451135242,1.70588235294118,1.38129496402878,1.08919902912621,0.999767684980834,1,1.0005753739931,1.48520900321543,1.04616558565433,1.06959734867243,1.0582765034098,1,1.18579234972678,1.06448412698413,1.36018957345972,1,0.666666666666667,1,1.12574850299401,1.015627303553,1.30263157894737,0.381944444444444,1,1.09248554913295,1.03671497584541,1.50087199162888,1.08823529411765,1.50847457627119,1.11497326203209,1.45544554455446,1.25695440206481,1.48571428571429,NA,1,1.03158933859822,1.06009334889148,1.00884955752212,1,0.990990990990991,1.25,1.36059479553903,0.996981132075472,1.02964959568733,1.13552361396304,1.05346712595477,1,1,0.988405797101449,NA,1.17351598173516,0.956043956043956,1.12351543942993,1.01724137931034,1.09160305343511,1.42857142857143,1.31081081081081,1.15343915343915,1.03538885357067,1.02907777013076,0.966825627202986,1.23415977961433,1,1.5,1.27659574468085,1.06008583690987,1,1.11418685121107,0.828282828282828,0.939244224863133,0.99234693877551,3.1,1.40816326530612,1.07816091954023,1.06086956521739,1.27272727272727,1.53333333333333,0.948717948717949,2.27962085308057,1.03493191237419,NA,1.5,1,1.60377358490566,1.04213483146067,0.708133971291866,0.94218009478673,0.856494325346784,1,1,1.36577540106952,1,1,1.04865493191631,0.304347826086957,1.01144024514811,0.584615384615385,1,0.809787626962142,1.18700396825397,1.12466124661247,1.00311968235961,1.18994413407821,1.08080808080808,1.01470588235294,1.01720841300191,0.96195652173913,1.06894750587621,0.897003745318352,1,0.832041343669251,NA,0.910634495084897,1.29869130100077,1.01964350672972,0.431818181818182,1.03174603174603,0.997847919655667,1.13987138263666,1.03064275037369,1.04660587639311,1.00391236306729,1.136,1,4.38461538461539,1.10566037735849,1,1.20464441219158,1.03317173261451,1.01315789473684,1,1,1,NA,1,1,0.928336874637821,1.02247191011236,0.658878504672897,0.615107913669065,1,1.0375,1.01754385964912,1,0.970238095238095,1.04939209726444,1.86713286713287,1.20883534136546,1.04806491885144,1.20704845814978,0.767683465959328,1.00581395348837,4.5,1.20508982035928,1.31428571428571,1.1824686940966,1.06976744186047,1.14991181657848,1.06495859213251,1.00790273556231,1.19565217391304,1.30701754385965,1.05555555555556,0.757118927973199,1.05258259655654,0.757213230119634,1,0.862745098039216,0.896355353075171,1.55681818181818,1.04055766793409,1.06362580859181,0.990942028985507,1.69090909090909,1.02941176470588,1.05546822366944,1.00726895119418,1,1.54738878143133,1.12878200155159,1.04738330975955,0.997155049786629
"SC",0.694614860259032,1,NA,0.925925925925926,0.632601797990481,1,1.01966844619275,1,0.981104998804114,1.79452054794521,1,1.00126843190106,1.85123966942149,0.484375,1,NA,0.536443148688047,1,0.296666666666667,1,1,1.41984732824427,1.11881188118812,0.987045902562658,NA,0.615384615384615,1.10059815116911,1.00109142085763,1,2.52380952380952,1.03426124197002,1.08785784797631,1.05882352941176,0.928057553956835,1.01759708737864,1.1204166182677,1,0.993670886075949,0.854662379421222,1.12285387256772,0.9829720772542,1.01332920024799,1,1.18579234972678,0.850198412698413,1.13270142180095,1,0.666666666666667,1,1,0.963880288957688,2.19736842105263,1.46527777777778,1,1.01156069364162,0.94975845410628,1.77886292291594,1.47058823529412,0.966101694915254,0.737967914438503,3.03960396039604,1.13507312876398,1.28571428571429,NA,1.06060606060606,3.14906219151037,1.0414235705951,1.04867256637168,1,1.1981981981982,0.607142857142857,1.06691449814126,1.12528301886792,1.64150943396226,1.15195071868583,1.03474614347761,1,1,0.936231884057971,NA,0.871004566210046,0.604395604395604,0.790973871733967,0.96551724137931,0.933842239185751,1.85714285714286,2.63063063063063,1.03703703703704,1.0680228862047,0.989160357880248,1.05162761766535,0.652892561983471,0.950980392156863,1,2.26595744680851,0.991416309012876,1,1.28200692041522,2.13468013468013,1.11456803311524,1.09502551020408,0.3,1.63265306122449,1.22298850574713,0.760869565217391,1.32954545454545,1.26666666666667,0.923076923076923,0.876777251184834,0.142687981053878,NA,3.77692307692308,1.15384615384615,0.943396226415094,1.00898876404494,0.870813397129187,1.07203791469194,1.83404791929382,1,1,0.831729055258467,1,1,0.965127864496845,0.478260869565217,1.37160367722165,0.753846153846154,1,1.00692520775623,1.0610119047619,0.886720867208672,1.02127056154282,0.927374301675978,2.68686868686869,1,1,0.931159420289855,1.24471141290154,0.773782771535581,1,0.0180878552971576,NA,1.60053619302949,1.79907621247113,0.939614405238268,0.0681818181818182,0.98015873015873,0.970588235294118,0.855305466237942,1.0039860488291,1,1.06964006259781,1.136,1,8.07692307692308,0.865408805031447,1,1.03918722786647,0.904789684375692,1.01315789473684,1,1,1,NA,1,1,0.877728414139463,1.22612359550562,0.317757009345794,1.21942446043165,4,0.816666666666667,1,1.01234567901235,0.766233766233766,0.970871327254306,2.10839160839161,0.763625932300631,0.967540574282147,1.00881057268722,0.868479221927498,1.19476744186047,0.666666666666667,3.19610778443114,5.6,0.75134168157424,1.13178294573643,0.955908289241623,1.01319875776398,1.19148936170213,1,0.526315789473684,1,1.65494137353434,1.07398790134946,0.679099225897255,1,1.09934640522876,0.765945330296128,3.70454545454545,0.955640050697085,0.952662133023719,1.46739130434783,0.63982683982684,1,0.996631484392544,1.07268951194185,1,2.55125725338491,0.425135764158262,1.02333804809052,0.945945945945946
"CS",1.07566462167689,1,NA,1.22222222222222,0.689450026441036,1,1.02163529081203,1,1.01052379813442,1.32876712328767,1,1.01684636118598,0.991735537190083,0.7890625,1,NA,1.06413994169096,1,0.523333333333333,1.01298701298701,1.05,1.07124681933842,0.985148514851485,1.01098282174035,NA,1.07692307692308,0.99347471451876,1.01033977654594,1,1.38095238095238,1.02355460385439,0.81243830207305,2.11764705882353,1.10971223021583,0.953276699029126,1.00302009524916,1,1.03912543153049,0.960128617363344,1.01755055322396,1.00914250885681,1.02541847489151,1,0.972677595628415,0.945436507936508,1.00473933649289,1,1,1,1.07185628742515,1.03243402624208,1,0.548611111111111,1,0.982658959537572,0.977777777777778,0.932682246250436,0.970588235294118,1.11864406779661,1.02673796791444,1.2970297029703,1.03269285919128,1.08571428571429,NA,1,1.38696939782823,1.02042007001167,0.991150442477876,1,1.0731981981982,0.785714285714286,0.728624535315985,1.04,1.1900269541779,0.969199178644764,1.10513703759173,1,1,0.979710144927536,NA,1.01141552511416,1.04395604395604,0.817102137767221,1.10344827586207,1.02035623409669,1,1.25225225225225,0.978835978835979,0.996609451154906,1.00602202339986,0.985900891561269,1.20385674931129,1.09803921568627,1,1.04255319148936,1,1.02857142857143,1.00692041522491,0.929292929292929,1.01802643877687,0.98405612244898,0.9,0.724489795918367,0.970114942528736,0.947826086956522,0.931818181818182,1.46666666666667,1,0.990521327014218,1.47690941385435,NA,1.30769230769231,1,1.22641509433962,1.00786516853933,0.791866028708134,0.990521327014218,0.896343001261034,1,1,1.19108734402852,1,1,1.01345068083693,1.08695652173913,0.990194075587334,0.846153846153846,1,0.873037857802401,1.04265873015873,1.01084010840108,0.98667044809983,0.998137802607076,0.94949494949495,1,1.0038240917782,0.976449275362319,1.16009401932619,0.938202247191011,1,0.956072351421189,NA,0.957104557640751,0.902232486528099,0.99017824663514,0.704545454545455,1.01587301587302,0.994261119081779,1.05064308681672,1.00523168908819,1.00303951367781,1.03129890453834,1.048,1,1,1.00125786163522,1,0.991291727140784,1.01575104101708,1.15789473684211,1,1,1,NA,1,1,1.04346146416844,1.02949438202247,0.948598130841122,1.14028776978417,1.5,0.8375,0.982456140350877,1,1.05844155844156,1.04609929078014,0.996503496503496,1.07228915662651,0.995006242197253,1.01321585903084,1.06741821396994,1.24127906976744,2,1.61976047904192,1.08571428571429,0.985688729874776,1.0077519379845,0.977072310405644,1.01009316770186,0.994528875379939,1,1.64912280701754,1,0.763819095477387,1.01489064681247,1.02674173117523,1,0.90718954248366,0.957858769931663,1.53977272727273,1.16349809885932,1.00567258251783,0.994565217391304,1.02770562770563,1,1.00538962497193,1.00519210799585,1,2.77369439071567,0.921644685802948,0.997878359264498,1.02204836415363
"LC",1.16496250852079,1,NA,1.12962962962963,0.918958223162348,1,1.0351222253442,1,1.03384357809137,1.34246575342466,1,1.03353416838433,1.00413223140496,0.505208333333333,1,NA,0.991253644314869,1,1.09666666666667,1.14285714285714,1.0125,1.11704834605598,1.1039603960396,1.06646015206984,NA,2.46153846153846,0.964110929853181,1.01898497860241,1,1.23809523809524,1.15845824411135,0.714708785784798,2,1.2931654676259,1.07888349514563,0.999264335772641,1,1.00920598388953,1.44983922829582,1.03395650515071,1.06879737914746,1.05548667079975,1,1.17486338797814,1.05555555555556,1.36018957345972,1,1,1,1.11976047904192,1.01887070617721,1.30263157894737,0.375,1,1.02312138728324,1.0231884057971,1.48692012556679,1.11764705882353,1.52542372881356,1.17647058823529,1.45544554455446,1.2340120447376,1.31428571428571,NA,1.03030303030303,1.02665350444225,1.06417736289382,1.00221238938053,1,0.992117117117117,1.25,1.32342007434944,0.997735849056604,1.0256064690027,1.08213552361396,1.05316759023514,1,1,0.991304347826087,NA,1.1472602739726,1.07692307692308,1.03562945368171,1.17241379310345,1.06870229007634,1.42857142857143,1.31081081081081,1.12169312169312,1.03401144310235,1.02632484514797,0.967032967032967,1.25619834710744,1,1.5,1.27659574468085,1.04613733905579,1,1.08910034602076,0.811447811447811,0.939911870743757,1.00510204081633,2.8,1.38775510204082,1.0735632183908,1.02608695652174,1.26704545454545,1.53333333333333,0.948717948717949,2.17061611374408,1.10805210183541,NA,1.54615384615385,1,1.58490566037736,1.03258426966292,0.691387559808612,0.959241706161137,0.85296343001261,1,1,1.3475935828877,1,1,1.04566589173032,0.478260869565217,1.01164453524004,0.6,1,0.80517082179132,1.15575396825397,1.12411924119241,1.01361315938741,1.18621973929237,1.07070707070707,1.01470588235294,1.01625239005736,0.958333333333333,1.06476886915644,0.896629213483146,1,0.811369509043928,NA,0.914209115281501,1.28560431100847,1.02073481265915,0.431818181818182,1.02777777777778,0.994261119081779,1.13022508038585,1.02615844544096,1.04660587639311,1.00469483568075,1.136,1,4.30769230769231,1.10440251572327,1,1.20754716981132,1.03289010480578,1.01315789473684,1,1,1,NA,1,1,0.937608653660421,1.0252808988764,0.663551401869159,0.676258992805755,1,1.03333333333333,0.991228070175439,1,0.971320346320346,1.04002026342452,1.8006993006993,1.20424555364314,1.02871410736579,1.20264317180617,0.791114058355438,1.07558139534884,4.11111111111111,1.22754491017964,1.4,1.16457960644007,1.03100775193798,1.13403880070547,1.06366459627329,1.01702127659574,1.08695652173913,1.36842105263158,1,0.755443886097152,1.04932526756631,0.767769176636172,1,0.856209150326797,0.915717539863326,1.55681818181818,1.05196451204056,1.06163542876099,1.0018115942029,1.66060606060606,1.02941176470588,1.03009207275994,0.995846313603323,1,1.42359767891683,1.12102404965089,1.04172560113154,1.03200568990043
"CL",1.15610088616224,1,NA,1.16666666666667,0.93204653622422,1,1.03175049171115,1,1.03133221717293,1.35616438356164,1,1.0328999524338,1.00413223140496,0.510416666666667,1,NA,0.997084548104956,1,1.105,1.18181818181818,1,1.12977099236641,1.07920792079208,1.06674176288369,NA,3,0.955954323001631,1.01898497860241,1,1.23809523809524,1.15631691648822,0.706811451135242,1.70588235294118,1.39208633093525,1.09101941747573,0.997444534789174,1,0.997123130034522,1.46784565916399,1.05532239603205,1.06910212944269,1.05269683818971,1,1.19672131147541,1.0625,1.36018957345972,1,0.666666666666667,1,1.10778443113772,1.01430045702492,1.30263157894737,0.381944444444444,1,1.09248554913295,1.02512077294686,1.53923962329962,1.07352941176471,1.50847457627119,1.1096256684492,1.46534653465347,1.25638084313163,1.65714285714286,NA,1,1.02764067127345,1.06067677946324,1.01106194690265,1,0.988738738738739,1.21428571428571,1.3457249070632,0.996981132075472,1.02830188679245,1.13552361396304,1.05166991163696,1,1,0.994202898550725,NA,1.16438356164384,0.967032967032967,1.12351543942993,1.01724137931034,1.08142493638677,1.42857142857143,1.30630630630631,1.13227513227513,1.03507098961644,1.02391603578802,0.963715529753266,1.22727272727273,1.00980392156863,1.5,1.28723404255319,1.05901287553648,1,1.11245674740484,0.824915824915825,0.939110695687008,0.993622448979592,3,1.42857142857143,1.06666666666667,1.06086956521739,1.27272727272727,1.46666666666667,0.974358974358974,2.28909952606635,1.04973357015986,NA,1.5,1,1.60377358490566,1.04213483146067,0.708133971291866,0.941232227488152,0.866834804539723,1,1,1.33582887700535,1,1,1.04433742942544,0.217391304347826,1.00960163432074,0.553846153846154,1,0.812557710064635,1.18353174603175,1.12249322493225,1.00538854225752,1.19180633147114,1.08080808080808,1.01470588235294,1.01720841300191,0.956521739130435,1.04857665186733,0.89438202247191,1,0.832041343669251,NA,0.914209115281501,1.30408006158584,1.01709712622772,0.409090909090909,1.03174603174603,0.992109038737446,1.13504823151125,1.02665670154459,1.04660587639311,1.00469483568075,1.14,1,4.38461538461539,1.10566037735849,1,1.20609579100145,1.03238719800447,1.01315789473684,1,1,1,NA,1,1,0.927177902259996,1.01825842696629,0.663551401869159,0.622302158273381,1,1.04166666666667,1.01754385964912,1,0.972402597402597,1.04584599797366,1.85314685314685,1.21055651176133,1.04868913857678,1.20704845814978,0.76657824933687,1.00872093023256,4.5,1.20808383233533,1.37142857142857,1.18425760286225,1.06976744186047,1.15167548500882,1.06444099378882,1.00547112462006,1.19565217391304,1.30701754385965,1.05555555555556,0.747068676716918,1.04932526756631,0.762139338494018,1,0.858823529411765,0.895785876993166,1.52272727272727,1.03929024081115,1.06329407862,0.976449275362319,1.68311688311688,1.02941176470588,1.05456995284078,0.996884735202492,1,1.38878143133462,1.1233514352211,1.04314002828854,0.995732574679943
"SLC",1.15541922290389,1,NA,1.12962962962963,0.913405605499736,1,1.03315538072492,1,1.03216933747907,1.36986301369863,1,1.03325669890598,1.00413223140496,0.5,1,NA,0.959183673469388,1,1.10166666666667,1.12987012987013,1.0375,1.12722646310433,1.10891089108911,1.06533370881442,NA,3.07692307692308,0.955410549211528,1.01843926817359,1,1.23809523809524,1.15631691648822,0.707798617966436,1.94117647058824,1.29676258992806,1.08313106796116,0.998025322337089,1,0.999424626006905,1.47942122186495,1.04235024799695,1.06978781760695,1.04959702417855,1,1.19125683060109,1.05456349206349,1.36018957345972,1,1,1,1.11976047904192,1.01739643225711,1.28947368421053,0.381944444444444,1,1.01734104046243,1.01932367149758,1.44157656086502,1.08823529411765,1.49152542372881,1.11229946524064,1.46534653465347,1.25236593059937,1.34285714285714,NA,1,1.02764067127345,1.06767794632439,1.00221238938053,1,0.993243243243243,1.25,1.33457249070632,0.990943396226415,1.03099730458221,1.1006160164271,1.05211921521641,1,1,0.991304347826087,NA,1.17009132420091,1.06593406593407,1.02612826603325,1.17241379310345,1.06361323155216,1.42857142857143,1.30630630630631,1.12169312169312,1.03432930705658,1.02253957329663,0.963300850093303,1.23002754820937,1.02941176470588,1,1.28723404255319,1.04828326180258,1,1.09429065743945,0.821548821548822,0.940178929096008,0.996811224489796,3,1.41836734693878,1.07126436781609,1.03478260869565,1.26136363636364,1.53333333333333,0.923076923076923,2.16113744075829,1.09206631142688,NA,1.54615384615385,1,1.60377358490566,1.03539325842697,0.700956937799043,0.96303317535545,0.847667087011349,1,1,1.37682709447415,1,1,1.04400531384922,0.434782608695652,1.00878447395301,0.553846153846154,1,0.807017543859649,1.15724206349206,1.13062330623306,1.01276233692569,1.18621973929237,1.08080808080808,1.01470588235294,1.01625239005736,0.956521739130435,1.08069992165056,0.89812734082397,1,0.816537467700258,NA,0.919571045576407,1.27944572748268,1.02255365587486,0.409090909090909,1.02380952380952,0.990674318507891,1.13344051446945,1.02416542102641,1.0435663627153,1.00391236306729,1.14,1,4.30769230769231,1.11069182389937,1,1.20609579100145,1.03240731427652,1.01315789473684,1,1,1,NA,1,1,0.935677033030713,1.01825842696629,0.677570093457944,0.676258992805755,1,1.03333333333333,1.01754385964912,1,0.972402597402597,1.04331306990881,1.7972027972028,1.20940906483075,1.02808988764045,1.19383259911894,0.777188328912467,1.07848837209302,4.27777777777778,1.21706586826347,1.45714285714286,1.17710196779964,1.05426356589147,1.14638447971781,1.05900621118012,1.01337386018237,1.17391304347826,1.34210526315789,1,0.760469011725293,1.04885993485342,0.759324419422942,1,0.860130718954248,0.905466970387244,1.52840909090909,1.04182509505703,1.06173494775253,1.01268115942029,1.66753246753247,1.02941176470588,1.02649898944532,0.996884735202492,1,1.49709864603482,1.11714507370054,1.04207920792079,1.01920341394026
"SCL",1.15610088616224,1,NA,1.16666666666667,0.933500793231095,1,1.03175049171115,1,1.03133221717293,1.35616438356164,1,1.0328999524338,1.00826446280992,0.5078125,1,NA,0.997084548104956,1,1.105,1.16883116883117,1,1.1323155216285,1.07920792079208,1.06786820613912,NA,3.07692307692308,0.955954323001631,1.01892753539937,1,1.23809523809524,1.15845824411135,0.706811451135242,1.70588235294118,1.38848920863309,1.09223300970874,0.997367096449452,1,0.997698504027618,1.47942122186495,1.05532239603205,1.06936878595101,1.05176689398636,1,1.19125683060109,1.06150793650794,1.36492890995261,1,0.666666666666667,1,1.11377245508982,1.01444788441692,1.30263157894737,0.381944444444444,1,1.09248554913295,1.02512077294686,1.5043599581444,1.07352941176471,1.49152542372881,1.10427807486631,1.46534653465347,1.25752796099799,1.71428571428571,NA,1,1.02764067127345,1.06009334889148,1,1,0.988738738738739,1.21428571428571,1.34200743494424,0.99622641509434,1.02964959568733,1.13141683778234,1.05166991163696,1,1,0.994202898550725,NA,1.16438356164384,0.967032967032967,1.12589073634204,1.01724137931034,1.08142493638677,1.42857142857143,1.30630630630631,1.13227513227513,1.03411739775376,1.02426015141087,0.964130209413228,1.22314049586777,1.00980392156863,1.5,1.28723404255319,1.06008583690987,1,1.11332179930796,0.828282828282828,0.938843637334758,0.990433673469388,3,1.42857142857143,1.06896551724138,1.06376811594203,1.27272727272727,1.53333333333333,0.948717948717949,2.29383886255924,1.07312018946122,NA,1.47692307692308,1,1.60377358490566,1.04213483146067,0.708133971291866,0.940284360189574,0.864312736443884,1,1,1.35793226381462,1,1,1.04450348721355,0.217391304347826,1.01062308478039,0.538461538461538,1,0.80932594644506,1.18452380952381,1.12249322493225,1.0045377197958,1.19553072625698,1.08080808080808,1.01470588235294,1.01720841300191,0.954710144927536,1.03891355445286,0.89250936329588,1,0.832041343669251,NA,0.914209115281501,1.30484988452656,1.01746089487086,0.409090909090909,1.03174603174603,0.991391678622669,1.13585209003215,1.02615844544096,1.04660587639311,1.00547730829421,1.14,1,4.38461538461539,1.10691823899371,1,1.20754716981132,1.03236708173241,1.01315789473684,1,1,1,NA,1,1,0.929302684952675,1.01966292134831,0.658878504672897,0.622302158273381,1,1.03333333333333,1.01754385964912,1,0.971320346320346,1.04685916919959,1.84965034965035,1.21113023522662,1.04744069912609,1.20704845814978,0.766136162687887,1.0203488372093,4.44444444444444,1.20508982035928,1.4,1.18604651162791,1.06976744186047,1.14814814814815,1.06495859213251,1.00607902735562,1.19565217391304,1.30701754385965,1.05555555555556,0.745393634840871,1.04792926942764,0.762843068261787,1,0.860130718954248,0.896924829157175,1.44318181818182,1.03802281368821,1.06362580859181,0.976449275362319,1.68484848484848,1.02941176470588,1.05479452054795,0.996884735202492,1,1.33075435203095,1.12567882079131,1.04349363507779,0.996443812233286
"LSC",1.16428084526244,1,NA,1.11111111111111,0.918164992067689,1,1.03371733633043,1,1.03288686917006,1.35616438356164,1,1.03353416838433,1.00413223140496,0.502604166666667,1,NA,0.988338192419825,1,1.09666666666667,1.18181818181818,1.0125,1.13486005089059,1.0990099009901,1.06617854125598,NA,2.61538461538462,0.970092441544318,1.01881264899331,1,1.14285714285714,1.15845824411135,0.721618953603159,1.94117647058824,1.32374100719424,1.08131067961165,1.00015487667944,1,1.00632911392405,1.47588424437299,1.03166730255628,1.06879737914746,1.05548667079975,1,1.17486338797814,1.05357142857143,1.32701421800948,1,1,1,1.11976047904192,1.01901813356922,1.30263157894737,0.381944444444444,1,1.02312138728324,1.0231884057971,1.47924659923265,1.11764705882353,1.54237288135593,1.15775401069519,1.45544554455446,1.24720390020075,1.31428571428571,NA,1.06060606060606,1.02467917077986,1.06359393232205,1.00221238938053,1,0.993243243243243,1.25,1.31226765799256,0.998490566037736,1.02830188679245,1.07802874743326,1.0528680545155,1,1,0.988405797101449,NA,1.14954337899543,1.07692307692308,1.03562945368171,1.17241379310345,1.06870229007634,1.42857142857143,1.31081081081081,1.12169312169312,1.03273998728544,1.02684101858224,0.965581588223098,1.2534435261708,1,1.5,1.27659574468085,1.04291845493562,1,1.09342560553633,0.794612794612795,0.943650687675257,1.0031887755102,2.8,1.40816326530612,1.0735632183908,1.03768115942029,1.28409090909091,1.53333333333333,0.948717948717949,2.24644549763033,1.11101243339254,NA,1.5,1,1.58490566037736,1.03370786516854,0.710526315789474,0.957345971563981,0.848171500630517,1,1,1.34830659536542,1,1,1.04549983394221,0.304347826086957,1.01082737487232,0.615384615384615,1,0.806555863342567,1.15922619047619,1.11761517615176,1.01786727169597,1.18621973929237,1.07070707070707,1.01470588235294,1.01625239005736,0.960144927536232,1.05327761817707,0.898501872659176,1,0.824289405684755,NA,0.91331546023235,1.28098537336413,1.02437249909058,0.431818181818182,1.02777777777778,0.994261119081779,1.13504823151125,1.02615844544096,1.04457953394124,1.00469483568075,1.136,1,4.07692307692308,1.10817610062893,1,1.20029027576197,1.03250789563678,1.01315789473684,1,1,1,NA,1,1,0.936063357156654,1.0252808988764,0.705607476635514,0.600719424460432,1,1.0375,0.982456140350877,1,0.96969696969697,1.03140830800405,1.8006993006993,1.20367183017785,1.02933832709114,1.19823788546256,0.7789566755084,1.07558139534884,3.83333333333333,1.24251497005988,1.42857142857143,1.16636851520572,1.03875968992248,1.14109347442681,1.06185300207039,1.01823708206687,1.08695652173913,1.34210526315789,1,0.765494137353434,1.04606793857608,0.776213933849402,1,0.860130718954248,0.91628701594533,1.5625,1.04182509505703,1.06120417979764,1.01630434782609,1.64242424242424,1.02941176470588,1.03009207275994,0.994807892004154,1,1.45647969052224,1.12567882079131,1.04420084865629,1.03627311522048
"LCS",1.16496250852079,1,NA,1.12962962962963,0.918958223162348,1,1.0351222253442,1,1.03384357809137,1.34246575342466,1,1.03353416838433,1.00413223140496,0.505208333333333,1,NA,0.991253644314869,1,1.09666666666667,1.14285714285714,1.0125,1.11704834605598,1.1039603960396,1.06646015206984,NA,2.46153846153846,0.964110929853181,1.01898497860241,1,1.23809523809524,1.15845824411135,0.714708785784798,2,1.2931654676259,1.07888349514563,0.999264335772641,1,1.00920598388953,1.44983922829582,1.03395650515071,1.06879737914746,1.05548667079975,1,1.17486338797814,1.05555555555556,1.36018957345972,1,1,1,1.11976047904192,1.01887070617721,1.30263157894737,0.375,1,1.02312138728324,1.0231884057971,1.48692012556679,1.11764705882353,1.52542372881356,1.17647058823529,1.45544554455446,1.2340120447376,1.31428571428571,NA,1.03030303030303,1.02665350444225,1.06417736289382,1.00221238938053,1,0.992117117117117,1.25,1.32342007434944,0.997735849056604,1.0256064690027,1.08213552361396,1.05316759023514,1,1,0.991304347826087,NA,1.1472602739726,1.07692307692308,1.03562945368171,1.17241379310345,1.06870229007634,1.42857142857143,1.31081081081081,1.12169312169312,1.03401144310235,1.02632484514797,0.967032967032967,1.25619834710744,1,1.5,1.27659574468085,1.04613733905579,1,1.08910034602076,0.811447811447811,0.939911870743757,1.00510204081633,2.8,1.38775510204082,1.0735632183908,1.02608695652174,1.26704545454545,1.53333333333333,0.948717948717949,2.17061611374408,1.10805210183541,NA,1.54615384615385,1,1.58490566037736,1.03258426966292,0.691387559808612,0.959241706161137,0.85296343001261,1,1,1.3475935828877,1,1,1.04566589173032,0.478260869565217,1.01164453524004,0.6,1,0.80517082179132,1.15575396825397,1.12411924119241,1.01361315938741,1.18621973929237,1.07070707070707,1.01470588235294,1.01625239005736,0.958333333333333,1.06476886915644,0.896629213483146,1,0.811369509043928,NA,0.914209115281501,1.28560431100847,1.02073481265915,0.431818181818182,1.02777777777778,0.994261119081779,1.13022508038585,1.02615844544096,1.04660587639311,1.00469483568075,1.136,1,4.30769230769231,1.10440251572327,1,1.20754716981132,1.03289010480578,1.01315789473684,1,1,1,NA,1,1,0.937608653660421,1.0252808988764,0.663551401869159,0.676258992805755,1,1.03333333333333,0.991228070175439,1,0.971320346320346,1.04002026342452,1.8006993006993,1.20424555364314,1.02871410736579,1.20264317180617,0.791114058355438,1.07558139534884,4.11111111111111,1.22754491017964,1.4,1.16457960644007,1.03100775193798,1.13403880070547,1.06366459627329,1.01702127659574,1.08695652173913,1.36842105263158,1,0.755443886097152,1.04932526756631,0.767769176636172,1,0.856209150326797,0.915717539863326,1.55681818181818,1.05196451204056,1.06163542876099,1.0018115942029,1.66060606060606,1.02941176470588,1.03009207275994,0.995846313603323,1,1.42359767891683,1.12102404965089,1.04172560113154,1.03200568990043
"CSL",1.15678254942059,1,NA,1.16666666666667,0.924246430460074,1,1.03343635852768,1,1.0310930399426,1.34246575342466,1,1.03293959093071,1.01652892561983,0.5078125,1,NA,0.994169096209913,1,1.10666666666667,1.16883116883117,1,1.1323155216285,1.07920792079208,1.06646015206984,NA,3,0.956498096791735,1.01884137059482,1,1.23809523809524,1.15845824411135,0.706811451135242,1.70588235294118,1.39028776978417,1.08859223300971,0.997599411468618,1,0.998849252013809,1.47556270096463,1.05455932850057,1.06891166050817,1.05145691258524,1,1.19125683060109,1.06051587301587,1.36492890995261,1,0.666666666666667,1,1.10179640718563,1.01459531180893,1.28947368421053,0.381944444444444,1,1.09248554913295,1.03091787439614,1.56644576212068,1.07352941176471,1.54237288135593,1.1096256684492,1.46534653465347,1.25752796099799,1.68571428571429,NA,1,1.02862783810464,1.05950991831972,1.00221238938053,1,0.987612612612613,1.21428571428571,1.35315985130112,0.99622641509434,1.03099730458221,1.13141683778234,1.05152014377715,1,1,0.997101449275362,NA,1.1689497716895,0.956043956043956,1.12114014251781,1.01724137931034,1.07379134860051,1.42857142857143,1.30630630630631,1.13227513227513,1.03411739775376,1.02408809359945,0.96433754924321,1.22727272727273,1.00980392156863,1.5,1.27659574468085,1.05901287553648,1,1.11072664359862,0.821548821548822,0.938710108158633,0.991709183673469,3,1.42857142857143,1.07126436781609,1.05942028985507,1.27272727272727,1.53333333333333,0.948717948717949,2.28909952606635,1.0352279455299,NA,1.49230769230769,1,1.60377358490566,1.04213483146067,0.708133971291866,0.94218009478673,0.858764186633039,1,1,1.33689839572193,1,1,1.04450348721355,0.217391304347826,1.01062308478039,0.553846153846154,1,0.812557710064635,1.18501984126984,1.12466124661247,1.00425411230856,1.19366852886406,1.08080808080808,1.01470588235294,1.01720841300191,0.956521739130435,1.05745625489684,0.895131086142322,1,0.832041343669251,NA,0.914209115281501,1.30561970746728,1.01782466351401,0.409090909090909,1.03174603174603,0.990674318507891,1.13665594855305,1.02690582959641,1.04660587639311,1.00625978090767,1.14,1,4.38461538461539,1.10817610062893,1,1.20609579100145,1.03226650037215,1.01315789473684,1,1,1,NA,1,1,0.928723198763763,1.02247191011236,0.658878504672897,0.615107913669065,1,1.04166666666667,1.01754385964912,1,0.970779220779221,1.04736575481256,1.83916083916084,1.21170395869191,1.04681647940075,1.20704845814978,0.767241379310345,1.02616279069767,4.44444444444444,1.20958083832335,1.4,1.18604651162791,1.06976744186047,1.14814814814815,1.06495859213251,1.0048632218845,1.19565217391304,1.30701754385965,1.05555555555556,0.745393634840871,1.04839460214053,0.761435608726249,1,0.856209150326797,0.894646924829157,1.47159090909091,1.03802281368821,1.06342677060872,0.978260869565217,1.68311688311688,1.02941176470588,1.05501908825511,1,1,1.38491295938104,1.1233514352211,1.04314002828854,0.996443812233286
"CLS",1.15610088616224,1,NA,1.16666666666667,0.93204653622422,1,1.03175049171115,1,1.03133221717293,1.35616438356164,1,1.0328999524338,1.00413223140496,0.510416666666667,1,NA,0.997084548104956,1,1.105,1.18181818181818,1,1.12977099236641,1.07920792079208,1.06674176288369,NA,3,0.955954323001631,1.01898497860241,1,1.23809523809524,1.15631691648822,0.706811451135242,1.70588235294118,1.39208633093525,1.09101941747573,0.997444534789174,1,0.997123130034522,1.46784565916399,1.05532239603205,1.06910212944269,1.05269683818971,1,1.19672131147541,1.0625,1.36018957345972,1,0.666666666666667,1,1.10778443113772,1.01430045702492,1.30263157894737,0.381944444444444,1,1.09248554913295,1.02512077294686,1.53923962329962,1.07352941176471,1.50847457627119,1.1096256684492,1.46534653465347,1.25638084313163,1.65714285714286,NA,1,1.02764067127345,1.06067677946324,1.01106194690265,1,0.988738738738739,1.21428571428571,1.3457249070632,0.996981132075472,1.02830188679245,1.13552361396304,1.05166991163696,1,1,0.994202898550725,NA,1.16438356164384,0.967032967032967,1.12351543942993,1.01724137931034,1.08142493638677,1.42857142857143,1.30630630630631,1.13227513227513,1.03507098961644,1.02391603578802,0.963715529753266,1.22727272727273,1.00980392156863,1.5,1.28723404255319,1.05901287553648,1,1.11245674740484,0.824915824915825,0.939110695687008,0.993622448979592,3,1.42857142857143,1.06666666666667,1.06086956521739,1.27272727272727,1.46666666666667,0.974358974358974,2.28909952606635,1.04973357015986,NA,1.5,1,1.60377358490566,1.04213483146067,0.708133971291866,0.941232227488152,0.866834804539723,1,1,1.33582887700535,1,1,1.04433742942544,0.217391304347826,1.00960163432074,0.553846153846154,1,0.812557710064635,1.18353174603175,1.12249322493225,1.00538854225752,1.19180633147114,1.08080808080808,1.01470588235294,1.01720841300191,0.956521739130435,1.04857665186733,0.89438202247191,1,0.832041343669251,NA,0.914209115281501,1.30408006158584,1.01709712622772,0.409090909090909,1.03174603174603,0.992109038737446,1.13504823151125,1.02665670154459,1.04660587639311,1.00469483568075,1.14,1,4.38461538461539,1.10566037735849,1,1.20609579100145,1.03238719800447,1.01315789473684,1,1,1,NA,1,1,0.927177902259996,1.01825842696629,0.663551401869159,0.622302158273381,1,1.04166666666667,1.01754385964912,1,0.972402597402597,1.04584599797366,1.85314685314685,1.21055651176133,1.04868913857678,1.20704845814978,0.76657824933687,1.00872093023256,4.5,1.20808383233533,1.37142857142857,1.18425760286225,1.06976744186047,1.15167548500882,1.06444099378882,1.00547112462006,1.19565217391304,1.30701754385965,1.05555555555556,0.747068676716918,1.04932526756631,0.762139338494018,1,0.858823529411765,0.895785876993166,1.52272727272727,1.03929024081115,1.06329407862,0.976449275362319,1.68311688311688,1.02941176470588,1.05456995284078,0.996884735202492,1,1.38878143133462,1.1233514352211,1.04314002828854,0.995732574679943
