NAME_0,run.001_gap.0.01_flip_priority.FALSE_s.000_sum,run.002_gap.0.01_flip_priority.FALSE_s.100_sum,run.003_gap.0.01_flip_priority.FALSE_s.010_sum,run.004_gap.0.01_flip_priority.FALSE_s.110_sum,run.005_gap.0.01_flip_priority.FALSE_s.001_sum,run.006_gap.0.01_flip_priority.FALSE_s.101_sum,run.007_gap.0.01_flip_priority.FALSE_s.011_sum,run.008_gap.0.01_flip_priority.FALSE_s.111_sum,run.009_gap.0.01_flip_priority.TRUE_s.000_sum,run.010_gap.0.01_flip_priority.TRUE_s.100_sum,run.011_gap.0.01_flip_priority.TRUE_s.010_sum,run.012_gap.0.01_flip_priority.TRUE_s.110_sum,run.013_gap.0.01_flip_priority.TRUE_s.001_sum,run.014_gap.0.01_flip_priority.TRUE_s.101_sum,run.015_gap.0.01_flip_priority.TRUE_s.011_sum,run.016_gap.0.01_flip_priority.TRUE_s.111_sum,run.017_gap.0.05_flip_priority.FALSE_s.000_sum,run.018_gap.0.05_flip_priority.FALSE_s.100_sum,run.019_gap.0.05_flip_priority.FALSE_s.010_sum,run.020_gap.0.05_flip_priority.FALSE_s.110_sum,run.021_gap.0.05_flip_priority.FALSE_s.001_sum,run.022_gap.0.05_flip_priority.FALSE_s.101_sum,run.023_gap.0.05_flip_priority.FALSE_s.011_sum,run.024_gap.0.05_flip_priority.FALSE_s.111_sum,run.025_gap.0.05_flip_priority.TRUE_s.000_sum,run.026_gap.0.05_flip_priority.TRUE_s.100_sum,run.027_gap.0.05_flip_priority.TRUE_s.010_sum,run.028_gap.0.05_flip_priority.TRUE_s.110_sum,run.029_gap.0.05_flip_priority.TRUE_s.001_sum,run.030_gap.0.05_flip_priority.TRUE_s.101_sum,run.031_gap.0.05_flip_priority.TRUE_s.011_sum,run.032_gap.0.05_flip_priority.TRUE_s.111_sum,run.033_gap.0.1_flip_priority.FALSE_s.000_sum,run.034_gap.0.1_flip_priority.FALSE_s.100_sum,run.035_gap.0.1_flip_priority.FALSE_s.010_sum,run.036_gap.0.1_flip_priority.FALSE_s.110_sum,run.037_gap.0.1_flip_priority.FALSE_s.001_sum,run.038_gap.0.1_flip_priority.FALSE_s.101_sum,run.039_gap.0.1_flip_priority.FALSE_s.011_sum,run.040_gap.0.1_flip_priority.FALSE_s.111_sum,run.041_gap.0.1_flip_priority.TRUE_s.000_sum,run.042_gap.0.1_flip_priority.TRUE_s.100_sum,run.043_gap.0.1_flip_priority.TRUE_s.010_sum,run.044_gap.0.1_flip_priority.TRUE_s.110_sum,run.045_gap.0.1_flip_priority.TRUE_s.001_sum,run.046_gap.0.1_flip_priority.TRUE_s.101_sum,run.047_gap.0.1_flip_priority.TRUE_s.011_sum,run.048_gap.0.1_flip_priority.TRUE_s.111_sum
Afghanistan,41,10,85,6,132,6,153,6,41,10,85,50,132,20,155,96,41,10,85,51,132,100,167,72,41,10,85,51,132,6,165,27,52,10,85,63,132,132,166,166,52,10,85,86,132,10,168,6
Åland,0,1,0,0,0,0,0,0,0,1,0,0,0,0,0,0,0,1,0,0,0,0,0,0,0,1,0,0,0,0,0,0,0,1,0,0,0,0,0,0,0,1,0,0,0,0,0,0
Albania,10,10,13,10,19,10,13,10,10,10,13,13,19,10,13,13,10,10,13,13,19,13,13,13,10,10,13,11,19,10,13,11,22,10,13,13,19,19,13,13,22,10,13,10,19,10,13,11
Algeria,547,370,572,399,523,337,615,428,547,370,572,644,523,475,535,514,547,370,572,644,523,514,584,577,547,370,572,643,523,320,579,513,440,370,572,619,523,524,577,577,440,370,572,585,523,359,600,473
Andorra,1,1,1,1,1,1,1,1,1,1,1,1,1,1,1,1,1,1,1,1,1,1,1,1,1,1,1,1,1,1,1,1,1,1,1,1,1,1,1,1,1,1,1,1,1,1,1,1
Angola,635,660,670,695,651,682,637,698,635,660,670,719,651,665,640,647,635,660,670,691,651,654,634,639,635,660,670,706,651,685,631,647,928,660,670,662,651,651,634,634,928,660,670,665,651,660,637,698
Argentina,1456,1454,1642,1498,1620,1464,1631,1487,1456,1454,1642,1610,1620,1507,1595,1561,1456,1454,1642,1644,1620,1585,1628,1599,1456,1454,1642,1536,1620,1451,1617,1503,1456,1454,1642,1633,1620,1620,1618,1620,1456,1454,1642,1617,1620,1454,1625,1490
Armenia,27,17,31,31,51,56,31,40,27,17,31,31,51,53,39,41,27,17,31,31,51,51,38,38,27,17,31,31,51,52,40,40,22,17,31,31,51,51,39,39,22,17,31,28,51,17,31,40
Australia,4431,4432,4532,4507,4621,4507,4581,4500,4431,4432,4532,4542,4621,4574,4582,4573,4431,4432,4532,4539,4621,4613,4571,4562,4431,4432,4532,4519,4621,4474,4573,4532,4573,4432,4532,4533,4621,4621,4571,4570,4573,4432,4532,4534,4621,4431,4570,4504
Austria,86,108,99,108,95,112,97,110,86,108,99,105,95,103,114,115,86,108,99,95,95,93,100,106,86,108,99,96,95,112,112,119,91,108,99,93,95,95,111,111,91,108,99,82,95,108,98,111
Azerbaijan,40,13,62,32,83,13,61,39,40,13,62,55,83,60,85,79,40,13,62,49,83,79,71,68,40,13,62,45,83,13,72,70,22,13,62,53,83,83,72,72,22,13,62,57,83,13,62,60
Bahamas,2,2,2,2,2,2,2,2,2,2,2,2,2,2,2,2,2,2,2,2,2,2,2,2,2,2,2,2,2,2,2,2,2,2,2,2,2,2,2,2,2,2,2,2,2,2,2,2
Bangladesh,148,59,49,68,40,41,46,67,148,59,49,56,40,36,36,36,148,59,49,48,40,37,41,44,148,59,49,68,40,47,42,35,67,59,49,50,40,38,43,43,67,59,49,50,40,59,42,62
Belarus,49,40,48,40,70,42,49,41,49,40,48,46,70,62,63,61,49,40,48,47,70,68,55,50,49,40,48,44,70,40,68,46,104,40,48,48,70,70,68,68,104,40,48,42,70,40,52,41
Belgium,12,12,16,12,15,16,16,13,12,12,16,16,15,16,14,15,12,12,16,16,15,15,16,16,12,12,16,16,15,14,15,16,29,12,16,16,15,15,15,15,29,12,16,14,15,12,16,13
Belize,15,15,14,14,16,17,14,14,15,15,14,14,16,16,14,14,15,15,14,14,16,16,14,14,15,15,14,14,16,17,14,14,15,15,14,14,16,16,14,14,15,15,14,17,16,15,14,14
Benin,51,113,80,74,61,70,77,74,51,113,80,79,61,69,62,63,51,113,80,79,61,62,76,76,51,113,80,79,61,86,73,68,121,113,80,75,61,61,74,74,121,113,80,76,61,109,77,68
Bhutan,40,40,48,40,57,41,49,40,40,40,48,47,57,41,48,48,40,40,48,48,57,56,48,48,40,40,48,43,57,40,48,46,40,40,48,48,57,57,48,48,40,40,48,62,57,40,48,40
Bolivia,697,635,828,649,709,644,743,650,697,635,828,671,709,674,731,714,697,635,828,789,709,698,734,713,697,635,828,643,709,637,732,676,697,635,828,811,709,709,731,733,697,635,828,781,709,635,738,651
Bosnia and Herzegovina,16,1,11,2,20,1,8,2,16,1,11,5,20,2,11,9,16,1,11,10,20,13,8,8,16,1,11,5,20,1,8,7,51,1,11,10,20,21,8,8,51,1,11,5,20,1,8,4
Botswana,363,731,377,620,342,401,348,514,363,731,377,642,342,344,341,344,363,731,377,589,342,342,348,358,363,731,377,587,342,503,345,376,372,731,377,406,342,342,346,346,372,731,377,398,342,717,348,441
Brazil,6754,6764,6805,6747,6925,6780,6802,6751,6754,6764,6805,6746,6925,6829,6851,6838,6754,6764,6805,6779,6925,6905,6802,6788,6754,6764,6805,6754,6925,6767,6810,6777,6754,6764,6805,6825,6925,6925,6808,6809,6754,6764,6805,6851,6925,6755,6801,6749
Brunei,4,5,6,5,5,5,6,5,4,5,6,5,5,5,7,7,4,5,6,7,5,5,6,6,4,5,6,5,5,5,7,7,3,5,6,6,5,5,7,7,3,5,6,7,5,5,6,5
Bulgaria,111,79,100,93,103,80,100,93,111,79,100,93,103,89,105,105,111,79,100,100,103,103,100,100,111,79,100,93,103,79,101,103,130,79,100,100,103,103,101,101,130,79,100,90,103,79,100,100
Burkina Faso,231,377,133,210,127,190,121,221,231,377,133,150,127,150,126,132,231,377,133,150,127,130,113,126,231,377,133,183,127,280,118,144,116,377,133,141,127,127,118,117,116,377,133,136,127,377,116,177
Burundi,5,7,5,5,19,5,9,5,5,7,5,5,19,16,14,14,5,7,5,5,19,19,12,5,5,7,5,5,19,5,13,5,4,7,5,5,19,19,13,14,4,7,5,5,19,5,11,5
Cambodia,101,95,123,123,106,95,131,113,101,95,123,132,106,104,106,106,101,95,123,125,106,104,120,122,101,95,123,132,106,95,113,110,176,95,123,124,106,106,114,114,176,95,123,124,106,95,123,116
Cameroon,400,387,273,302,405,432,288,310,400,387,273,286,405,423,350,371,400,387,273,283,405,408,298,296,400,387,273,290,405,422,308,335,360,387,273,302,405,406,305,305,360,387,273,280,405,394,290,316
Canada,3205,4144,3930,4080,3643,3822,3863,3942,3205,4144,3930,4025,3643,3765,3641,3679,3205,4144,3930,4034,3643,3663,3793,3870,3205,4144,3930,4009,3643,3924,3722,3824,3205,4144,3930,3940,3643,3643,3730,3730,3205,4144,3930,3965,3643,4125,3829,3889
Central African Republic,310,266,410,348,303,281,408,346,310,266,410,380,303,305,359,348,310,266,410,407,303,308,410,403,310,266,410,361,303,251,402,380,339,266,410,407,303,304,404,403,339,266,410,391,303,256,405,358
Chad,519,394,616,460,482,456,636,462,519,394,616,604,482,469,489,485,519,394,616,573,482,481,603,575,519,394,616,576,482,404,542,495,569,394,616,666,482,482,545,544,569,394,616,747,482,376,620,471
Chile,349,370,357,370,357,370,364,370,349,370,357,386,357,369,360,360,349,370,357,367,357,360,363,366,349,370,357,389,357,370,362,371,349,370,357,362,357,357,362,362,349,370,357,369,357,370,364,370
China,3649,3795,3760,3603,3580,3553,3740,3574,3649,3795,3760,3599,3580,3555,3612,3562,3649,3795,3760,3643,3580,3553,3717,3665,3649,3795,3760,3541,3580,3565,3684,3586,3969,3795,3760,3875,3580,3578,3688,3688,3969,3795,3760,3766,3580,3792,3730,3567
Colombia,595,634,618,621,651,609,644,621,595,634,618,631,651,615,635,624,595,634,618,633,651,627,642,637,595,634,618,626,651,622,638,616,595,634,618,633,651,651,641,641,595,634,618,638,651,628,643,623
Costa Rica,32,49,36,46,38,48,37,48,32,49,36,36,38,44,39,40,32,49,36,36,38,40,36,36,32,49,36,43,38,50,37,43,32,49,36,35,38,38,37,37,32,49,36,40,38,54,35,45
Côte d'Ivoire,190,159,223,201,166,164,224,187,190,159,223,221,166,169,170,169,190,159,223,221,166,166,213,211,190,159,223,220,166,161,189,179,184,159,223,226,166,166,191,191,184,159,223,223,166,159,223,187
Croatia,63,36,44,40,61,55,43,43,63,36,44,43,61,60,55,55,63,36,44,44,61,61,44,44,63,36,44,43,61,50,47,51,60,36,44,44,61,61,45,45,60,36,44,43,61,36,44,50
Cuba,48,48,48,48,49,48,48,48,48,48,48,48,49,48,48,48,48,48,48,48,49,48,48,48,48,48,48,48,49,48,48,48,48,48,48,48,49,49,48,48,48,48,48,48,49,48,48,48
Cyprus,1,2,1,2,1,2,1,2,1,2,1,2,1,2,1,1,1,2,1,1,1,1,1,1,1,2,1,2,1,2,1,2,1,2,1,1,1,1,1,1,1,2,1,2,1,2,1,2
Czech Republic,158,159,45,140,151,160,70,154,158,159,45,55,151,152,151,151,158,159,45,45,151,151,72,74,158,159,45,74,151,159,128,151,160,159,45,45,151,151,124,124,160,159,45,42,151,159,71,154
Democratic Republic of the Congo,1356,1172,1367,1207,1408,1250,1410,1211,1356,1172,1367,1209,1408,1318,1414,1376,1356,1172,1367,1247,1408,1376,1421,1363,1356,1172,1367,1200,1408,1194,1430,1323,1182,1172,1367,1367,1408,1408,1429,1429,1182,1172,1367,1357,1408,1174,1414,1219
Denmark,6,44,13,16,27,34,12,20,6,44,13,10,27,33,22,22,6,44,13,10,27,27,12,12,6,44,13,18,27,33,13,23,6,44,13,8,27,27,14,14,6,44,13,20,27,44,12,22
Djibouti,3,38,11,29,20,27,13,26,3,38,11,13,20,23,21,22,3,38,11,13,20,22,11,13,3,38,11,15,20,35,18,23,0,38,11,13,20,20,17,17,0,38,11,15,20,41,13,22
Dominican Republic,31,31,31,31,31,31,31,31,31,31,31,31,31,31,31,31,31,31,31,31,31,31,31,31,31,31,31,31,31,31,31,31,31,31,31,31,31,31,31,31,31,31,31,31,31,31,31,31
Ecuador,176,174,182,174,196,178,188,176,176,174,182,176,196,184,193,186,176,174,182,181,196,190,190,184,176,174,182,173,196,177,191,181,176,174,182,184,196,197,190,190,176,174,182,178,196,174,190,176
Egypt,323,234,252,256,239,246,256,253,323,234,252,255,239,245,245,245,323,234,252,259,239,239,247,248,323,234,252,256,239,234,241,252,301,234,252,263,239,239,241,241,301,234,252,253,239,234,251,256
El Salvador,15,19,7,11,17,23,8,12,15,19,7,8,17,21,14,15,15,19,7,9,17,20,11,11,15,19,7,8,17,22,12,14,15,19,7,8,17,17,11,11,15,19,7,11,17,20,10,13
Equatorial Guinea,15,11,12,11,23,11,20,11,15,11,12,11,23,11,19,16,15,11,12,11,23,19,20,16,15,11,12,11,23,11,20,11,11,11,12,12,23,22,20,20,11,11,12,16,23,11,20,11
Eritrea,46,20,37,19,160,56,71,28,46,20,37,38,160,83,152,114,46,20,37,36,160,147,88,66,46,20,37,42,160,26,119,53,9,20,37,37,160,160,116,116,9,20,37,40,160,19,77,34
Estonia,13,21,14,16,17,20,14,16,13,21,14,15,17,18,15,17,13,21,14,16,17,17,14,14,13,21,14,14,17,20,14,15,13,21,14,14,17,18,14,14,13,21,14,20,17,21,14,16
Ethiopia,662,824,808,834,783,798,878,828,662,824,808,832,783,728,808,762,662,824,808,826,783,741,878,813,662,824,808,834,783,822,833,784,651,824,808,790,783,783,842,842,651,824,808,762,783,822,877,826
Falkland Islands,1,1,1,1,1,1,1,1,1,1,1,1,1,1,1,1,1,1,1,1,1,1,1,1,1,1,1,1,1,1,1,1,1,1,1,1,1,1,1,1,1,1,1,1,1,1,1,1
Fiji,5,5,5,5,5,5,5,5,5,5,5,5,5,5,5,5,5,5,5,5,5,5,5,5,5,5,5,5,5,5,5,5,5,5,5,5,5,5,5,5,5,5,5,5,5,5,5,5
Finland,92,327,103,111,134,176,226,138,92,327,103,180,134,175,136,144,92,327,103,154,134,137,205,210,92,327,103,178,134,152,183,201,92,327,103,92,134,133,183,183,92,327,103,100,134,301,212,199
France,305,320,323,313,313,320,331,311,305,320,323,322,313,316,324,324,305,320,323,322,313,318,327,327,305,320,323,320,313,320,327,326,497,320,323,322,313,313,326,326,497,320,323,316,313,320,328,315
French Guiana,85,104,89,108,92,106,93,108,85,104,89,113,92,100,93,96,85,104,89,104,92,95,93,101,85,104,89,109,92,110,93,107,85,104,89,95,92,92,93,93,85,104,89,91,92,106,93,106
Gabon,167,239,170,275,249,253,240,290,167,239,170,259,249,244,253,251,167,239,170,252,249,250,245,250,167,239,170,283,249,255,246,260,204,239,170,166,249,250,247,247,204,239,170,175,249,242,242,290
Gambia,2,3,5,5,11,8,7,5,2,3,5,5,11,11,12,13,2,3,5,5,11,11,5,5,2,3,5,5,11,7,5,7,2,3,5,5,11,11,5,5,2,3,5,5,11,2,5,5
Georgia,80,130,82,87,106,123,80,107,80,130,82,81,106,118,102,107,80,130,82,83,106,108,100,101,80,130,82,77,106,126,102,108,24,130,82,85,106,106,101,101,24,130,82,108,106,127,79,108
Germany,375,497,260,469,428,548,269,476,375,497,260,313,428,480,405,428,375,497,260,292,428,438,293,307,375,497,260,398,428,537,331,442,394,497,260,260,428,427,326,326,394,497,260,321,428,497,269,473
Ghana,147,233,133,202,133,197,132,177,147,233,133,138,133,158,126,131,147,233,133,137,133,137,126,131,147,233,133,146,133,231,121,154,178,233,133,129,133,133,123,123,178,233,133,136,133,237,130,164
Greece,104,96,114,123,107,100,108,123,104,96,114,108,107,106,122,123,104,96,114,114,107,115,108,108,104,96,114,116,107,96,120,119,96,96,114,114,107,107,119,119,96,96,114,103,107,96,108,122
Guatemala,66,58,68,64,77,58,74,63,66,58,68,65,77,63,71,66,66,58,68,65,77,68,72,69,66,58,68,65,77,58,72,62,66,58,68,65,77,77,72,72,66,58,68,65,77,58,72,62
Guinea,159,152,275,180,256,170,276,191,159,152,275,269,256,194,257,241,159,152,275,273,256,245,266,260,159,152,275,230,256,158,256,221,186,152,275,274,256,256,255,255,186,152,275,273,256,153,276,198
Guinea-Bissau,4,4,29,4,5,4,28,4,4,4,29,27,5,4,5,5,4,4,29,29,5,4,21,17,4,4,29,27,5,4,10,6,4,4,29,29,5,4,13,13,4,4,29,29,5,4,27,4
Guyana,58,58,63,58,58,58,60,58,58,58,63,58,58,58,58,58,58,58,63,63,58,58,61,58,58,58,63,58,58,58,61,58,58,58,63,62,58,58,60,60,58,58,63,63,58,58,60,58
Haiti,5,5,5,5,6,5,5,5,5,5,5,5,6,5,5,5,5,5,5,5,6,6,5,5,5,5,5,5,6,5,5,5,5,5,5,5,6,6,5,5,5,5,5,5,6,5,5,5
Honduras,71,64,79,68,68,61,91,68,71,64,79,78,68,65,78,75,71,64,79,79,68,68,92,91,71,64,79,70,68,61,91,71,71,64,79,81,68,68,91,91,71,64,79,72,68,62,93,70
Hong Kong,1,1,1,1,1,1,1,1,1,1,1,1,1,1,1,1,1,1,1,1,1,1,1,1,1,1,1,1,1,1,1,1,1,1,1,1,1,1,1,1,1,1,1,1,1,1,1,1
Hungary,62,166,64,117,92,127,65,108,62,166,64,68,92,109,85,92,62,166,64,68,92,97,62,63,62,166,64,68,92,154,63,90,167,166,64,62,92,92,61,61,167,166,64,60,92,166,62,92
Iceland,39,39,39,39,39,39,39,39,39,39,39,39,39,39,39,39,39,39,39,39,39,39,39,39,39,39,39,39,39,39,39,39,39,39,39,39,39,39,39,39,39,39,39,39,39,39,39,39
India,1931,2149,1874,2056,1886,2129,1869,2075,1931,2149,1874,1970,1886,1934,1868,1880,1931,2149,1874,1965,1886,1875,1868,1878,1931,2149,1874,2049,1886,2163,1870,1905,2144,2149,1874,1850,1886,1884,1871,1871,2144,2149,1874,1887,1886,2150,1866,2000
Indonesia,895,824,909,834,944,836,912,829,895,824,909,840,944,852,920,885,895,824,909,851,944,914,913,878,895,824,909,846,944,828,910,854,975,824,909,887,944,943,912,912,975,824,909,911,944,824,911,838
Iran,674,612,592,649,899,585,612,642,674,612,592,726,899,650,940,878,674,612,592,663,899,831,668,650,674,612,592,636,899,584,776,758,948,612,592,587,899,898,764,764,948,612,592,567,899,603,618,659
Iraq,26,15,18,16,56,15,18,17,26,15,18,17,56,15,53,29,26,15,18,17,56,39,22,18,26,15,18,17,56,15,32,17,27,15,18,18,56,56,31,31,27,15,18,17,56,15,18,17
Ireland,21,21,21,21,21,21,21,21,21,21,21,21,21,21,21,21,21,21,21,21,21,21,21,21,21,21,21,21,21,21,21,21,21,21,21,31,21,21,21,21,21,21,21,21,21,21,21,21
Israel,7,7,16,7,7,7,15,7,7,7,16,16,7,7,7,7,7,7,16,16,7,7,13,11,7,7,16,15,7,7,7,7,12,7,16,12,7,7,7,7,12,7,16,16,7,7,14,7
Italy,151,151,161,153,165,150,183,153,151,151,161,157,165,150,181,160,151,151,161,159,165,154,183,164,151,151,161,154,165,150,184,155,208,151,161,162,165,165,184,184,208,151,161,157,165,150,183,153
Jamaica,4,4,4,4,4,4,4,4,4,4,4,4,4,4,4,4,4,4,4,4,4,4,4,4,4,4,4,4,4,4,4,4,4,4,4,4,4,4,4,4,4,4,4,4,4,4,4,4
Japan,164,164,164,164,164,164,204,164,164,164,164,164,164,164,164,164,164,164,164,164,164,164,193,170,164,164,164,164,164,164,183,164,166,164,164,164,164,164,185,184,166,164,164,183,164,164,199,164
Jordan,4,4,9,4,4,4,9,4,4,4,9,7,4,4,4,4,4,4,9,9,4,4,9,6,4,4,9,4,4,4,4,4,8,4,9,9,4,4,5,5,8,4,9,5,4,4,9,4
Kazakhstan,502,132,915,706,448,216,1051,599,502,132,915,969,448,338,506,459,502,132,915,1027,448,436,866,771,502,132,915,737,448,195,727,460,1066,132,915,972,448,447,750,749,1066,132,915,901,448,159,997,543
Kenya,383,408,493,453,684,544,457,475,383,408,493,431,684,658,617,628,383,408,493,440,684,670,472,501,383,408,493,451,684,491,548,546,950,408,493,435,684,684,536,537,950,408,493,457,684,434,456,492
Kosovo,0,0,0,0,5,0,0,0,0,0,0,0,5,0,1,1,0,0,0,0,5,2,0,0,0,0,0,0,5,0,0,0,20,0,0,0,5,5,0,0,20,0,0,0,5,0,0,0
Kuwait,6,6,6,6,6,6,6,6,6,6,6,6,6,6,6,6,6,6,6,6,6,6,6,6,6,6,6,6,6,6,6,6,6,6,6,6,6,6,6,6,6,6,6,6,6,6,6,6
Kyrgyzstan,28,28,53,28,54,28,52,28,28,28,53,28,54,28,52,49,28,28,53,28,54,48,52,47,28,28,53,28,54,28,52,40,28,28,53,28,54,54,52,52,28,28,53,51,54,28,52,34
Laos,153,83,164,98,171,84,191,109,153,83,164,113,171,113,183,167,153,83,164,113,171,154,187,177,153,83,164,133,171,83,182,143,101,83,164,151,171,171,185,185,101,83,164,167,171,83,192,122
Latvia,29,57,24,66,51,71,24,64,29,57,24,25,51,65,49,54,29,57,24,24,51,54,24,25,29,57,24,31,51,70,38,52,20,57,24,21,51,51,37,37,20,57,24,39,51,58,24,56
Lebanon,0,0,12,12,11,0,12,11,0,0,12,11,11,0,8,6,0,0,12,12,11,10,12,11,0,0,12,12,11,0,11,0,0,0,12,12,11,11,12,12,0,0,12,12,11,0,12,7
Lesotho,19,10,12,11,45,27,14,11,19,10,12,12,45,37,34,36,19,10,12,12,45,40,14,14,19,10,12,11,45,10,14,18,44,10,12,12,45,45,14,14,44,10,12,12,45,10,14,11
Liberia,41,35,90,34,44,40,92,41,41,35,90,90,44,42,51,49,41,35,90,90,44,43,88,86,41,35,90,72,44,36,74,55,79,35,90,90,44,44,76,76,79,35,90,94,44,31,91,52
Libya,1,1,141,1,52,1,123,1,1,1,141,35,52,5,58,42,1,1,141,37,52,44,95,69,1,1,141,1,52,1,71,25,70,1,141,117,52,52,79,78,70,1,141,119,52,1,119,1
Liechtenstein,1,1,1,1,1,1,1,1,1,1,1,1,1,1,1,1,1,1,1,1,1,1,1,1,1,1,1,1,1,1,1,1,1,1,1,1,1,1,1,1,1,1,1,1,1,1,1,1
Lithuania,38,129,30,122,44,80,31,117,38,129,30,31,44,56,42,47,38,129,30,30,44,44,34,36,38,129,30,79,44,108,40,60,26,129,30,30,44,44,39,39,26,129,30,85,44,129,32,105
Luxembourg,3,3,3,3,3,3,3,3,3,3,3,3,3,3,3,3,3,3,3,3,3,3,3,3,3,3,3,3,3,3,3,3,4,3,3,3,3,3,3,3,4,3,3,4,3,3,3,3
Macedonia,21,3,8,3,10,3,6,5,21,3,8,6,10,3,12,8,21,3,8,8,10,9,6,6,21,3,8,6,10,3,8,6,45,3,8,8,10,10,8,8,45,3,8,5,10,3,6,6
Madagascar,269,268,282,270,283,266,284,270,269,268,282,275,283,268,279,271,269,268,282,275,283,275,286,278,269,268,282,271,283,267,286,271,290,268,282,283,283,284,286,286,290,268,282,279,283,267,284,268
Malawi,82,86,58,63,93,88,60,62,82,86,58,62,93,88,67,71,82,86,58,60,93,88,60,60,82,86,58,62,93,85,61,62,76,86,58,58,93,93,61,61,76,86,58,69,93,84,60,63
Malaysia,139,249,185,229,172,218,201,230,139,249,185,268,172,196,177,174,139,249,185,263,172,167,193,199,139,249,185,229,172,234,182,192,142,249,185,213,172,172,185,183,142,249,185,189,172,249,201,214
Mali,364,539,452,485,290,383,375,417,364,539,452,515,290,348,299,319,364,539,452,552,290,304,349,382,364,539,452,451,290,415,328,375,132,539,452,439,290,290,330,330,132,539,452,404,290,521,365,431
Mauritania,81,12,143,120,90,113,147,142,81,12,143,136,90,116,134,135,81,12,143,136,90,101,185,177,81,12,143,134,90,93,176,166,11,12,143,134,90,89,177,176,11,12,143,104,90,11,170,150
Mauritius,0,0,0,0,0,0,0,0,0,0,0,0,0,0,0,0,0,0,0,0,0,0,0,0,0,0,0,0,0,0,0,0,0,0,0,0,0,0,0,0,0,0,0,0,0,0,0,0
Mexico,945,947,1076,957,1083,948,1106,958,945,947,1076,1033,1083,963,1078,1017,945,947,1076,1061,1083,1033,1100,1039,945,947,1076,973,1083,945,1101,972,945,947,1076,1078,1083,1084,1101,1101,945,947,1076,1058,1083,939,1102,961
Moldova,33,0,2,0,36,29,3,0,33,0,2,0,36,37,32,32,33,0,2,0,36,37,6,6,33,0,2,0,36,0,14,14,67,0,2,4,36,36,12,12,67,0,2,1,36,0,3,0
Mongolia,571,678,1041,659,776,673,1099,674,571,678,1041,1095,776,673,768,714,571,678,1041,1208,776,742,1025,935,571,678,1041,606,776,675,917,638,637,678,1041,981,776,778,936,936,637,678,1041,1049,776,678,1075,667
Montenegro,2,2,3,3,8,2,3,3,2,2,3,3,8,2,3,3,2,2,3,3,8,7,3,3,2,2,3,3,8,2,3,3,13,2,3,3,8,8,3,3,13,2,3,2,8,2,3,3
Morocco,486,533,366,534,518,663,370,543,486,533,366,373,518,572,508,532,486,533,366,373,518,529,432,436,486,533,366,396,518,675,455,512,522,533,366,324,518,518,453,453,522,533,366,358,518,582,392,525
Mozambique,411,363,442,410,456,393,498,426,411,363,442,426,456,405,464,445,411,363,442,435,456,435,499,478,411,363,442,418,456,388,483,441,475,363,442,458,456,456,485,485,475,363,442,429,456,363,505,441
Myanmar,279,168,343,200,321,161,347,200,279,168,343,287,321,211,334,298,279,168,343,303,321,293,341,304,279,168,343,242,321,149,343,250,315,168,343,338,321,323,343,343,315,168,343,316,321,170,341,215
Namibia,618,653,618,629,619,622,619,624,618,653,618,620,619,620,619,619,618,653,618,620,619,620,620,618,618,653,618,620,619,624,619,621,631,653,618,618,619,619,619,619,631,653,618,630,619,644,620,622
Nepal,134,100,141,109,179,108,144,110,134,100,141,120,179,122,165,146,134,100,141,124,179,160,144,134,134,100,141,116,179,102,149,119,138,100,141,142,179,179,149,149,138,100,141,130,179,100,145,113
Netherlands,15,15,15,15,18,20,15,15,15,15,15,15,18,19,17,17,15,15,15,15,18,18,15,15,15,15,15,15,18,19,16,16,22,15,15,15,18,18,16,16,22,15,15,32,18,15,15,16
New Caledonia,3,3,3,3,3,3,3,3,3,3,3,3,3,3,3,3,3,3,3,3,3,3,3,3,3,3,3,3,3,3,3,3,3,3,3,3,3,3,3,3,3,3,3,3,3,3,3,3
New Zealand,156,156,156,156,156,156,156,156,156,156,156,156,156,156,156,156,156,156,156,156,156,156,156,156,156,156,156,156,156,156,156,156,156,156,156,156,156,156,156,156,156,156,156,156,156,156,156,156
Nicaragua,85,84,90,86,88,84,94,87,85,84,90,90,88,86,94,93,85,84,90,90,88,88,96,94,85,84,90,90,88,84,94,90,85,84,90,90,88,88,94,94,85,84,90,92,88,84,95,88
Niger,586,430,710,631,470,553,571,641,586,430,710,676,470,520,489,504,586,430,710,656,470,480,522,562,586,430,710,677,470,527,526,578,389,430,710,650,470,470,528,527,389,430,710,617,470,430,544,628
Nigeria,546,441,391,444,596,549,414,462,546,441,391,377,596,543,537,526,546,441,391,374,596,580,451,440,546,441,391,391,596,488,489,489,724,441,391,384,596,594,487,488,724,441,391,381,596,454,435,478
North Korea,78,14,76,25,122,43,76,25,78,14,76,50,122,64,125,108,78,14,76,72,122,110,91,92,78,14,76,47,122,16,100,61,54,14,76,76,122,122,98,98,54,14,76,73,122,14,76,38
Northern Cyprus,0,1,1,1,0,1,1,1,0,1,1,1,0,1,0,0,0,1,1,1,0,0,1,1,0,1,1,1,0,1,1,1,0,1,1,1,0,0,1,1,0,1,1,1,0,1,1,1
Norway,84,84,85,84,94,89,206,87,84,84,85,96,94,89,127,118,84,84,85,104,94,89,174,150,84,84,85,84,94,89,152,126,84,84,85,85,94,93,156,156,84,84,85,84,94,84,169,84
Oman,57,136,119,122,49,118,100,122,57,136,119,134,49,105,61,77,57,136,119,135,49,60,84,110,57,136,119,130,49,128,69,117,19,136,119,109,49,49,67,67,19,136,119,128,49,136,90,122
Pakistan,493,387,596,432,559,440,592,441,493,387,596,445,559,571,573,568,493,387,596,486,559,573,581,602,493,387,596,425,559,420,575,571,355,387,596,635,559,564,575,575,355,387,596,602,559,392,582,492
Palestina,3,3,7,3,3,3,7,3,3,3,7,3,3,3,3,3,3,3,7,7,3,3,7,3,3,3,7,3,3,3,3,3,4,3,7,7,3,3,3,3,4,3,7,7,3,3,7,3
Panama,40,50,47,53,41,44,47,48,40,50,47,46,41,43,43,43,40,50,47,48,41,41,46,45,40,50,47,42,41,46,44,48,40,50,47,47,41,41,45,45,40,50,47,45,41,51,46,48
Papua New Guinea,217,202,213,195,227,207,223,199,217,202,213,198,227,220,231,224,217,202,213,204,227,223,226,211,217,202,213,195,227,201,225,212,292,202,213,211,227,229,225,225,292,202,213,208,227,193,224,201
Paraguay,149,119,194,137,186,141,201,135,149,119,194,177,186,172,190,181,149,119,194,193,186,182,198,186,149,119,194,153,186,132,192,156,149,119,194,193,186,186,194,193,149,119,194,174,186,121,196,143
Peru,712,765,771,748,770,764,765,758,712,765,771,794,770,752,747,744,712,765,771,798,770,762,765,765,712,765,771,773,770,756,765,760,712,765,771,791,770,769,766,765,712,765,771,767,770,755,766,764
Philippines,116,116,118,116,116,116,118,116,116,116,118,116,116,116,116,116,116,116,118,118,116,116,118,116,116,116,118,116,116,116,116,116,116,116,118,118,116,116,116,116,116,116,118,118,116,116,117,116
Poland,272,605,239,519,368,509,258,494,272,605,239,239,368,418,355,369,272,605,239,239,368,380,279,288,272,605,239,374,368,593,315,417,365,605,239,239,368,368,312,312,365,605,239,281,368,605,264,466
Portugal,60,61,80,70,55,60,79,67,60,61,80,80,55,59,63,60,60,61,80,80,55,55,71,64,60,61,80,69,55,61,69,63,49,61,80,80,55,55,69,69,49,61,80,69,55,61,72,67
Puerto Rico,3,3,3,3,3,3,3,3,3,3,3,3,3,3,3,3,3,3,3,3,3,3,3,3,3,3,3,3,3,3,3,3,3,3,3,3,3,3,3,3,3,3,3,3,3,3,3,3
Qatar,3,3,3,3,3,3,3,3,3,3,3,3,3,3,3,3,3,3,3,3,3,3,3,3,3,3,3,3,3,3,3,3,3,3,3,3,3,3,3,3,3,3,3,3,3,3,3,3
Republic of Congo,200,195,217,173,197,165,192,164,200,195,217,158,197,183,185,183,200,195,217,169,197,195,187,179,200,195,217,161,197,173,187,165,204,195,217,192,197,199,187,187,204,195,217,201,197,202,191,162
Reunion,1,1,1,1,1,1,1,1,1,1,1,1,1,1,1,1,1,1,1,1,1,1,1,1,1,1,1,1,1,1,1,1,1,1,1,1,1,1,1,1,1,1,1,1,1,1,1,1
Romania,188,120,142,123,214,186,155,131,188,120,142,133,214,195,209,196,188,120,142,139,214,213,156,138,188,120,142,134,214,148,170,160,265,120,142,145,214,214,169,169,265,120,142,149,214,120,156,133
Russia,6988,6344,8885,6977,8316,6836,9198,6980,6988,6344,8885,8210,8316,7271,8349,8000,6988,6344,8885,8699,8316,8105,8961,8609,6988,6344,8885,7598,8316,6712,8651,7412,7151,6344,8885,8948,8316,8316,8677,8680,7151,6344,8885,8819,8316,6344,9099,7104
Rwanda,15,16,15,15,15,15,15,15,15,16,15,15,15,15,15,15,15,16,15,15,15,15,15,15,15,16,15,15,15,15,15,15,15,16,15,15,15,15,15,15,15,16,15,15,15,15,15,15
Saudi Arabia,272,283,273,285,238,294,255,282,272,283,273,299,238,271,235,240,272,283,273,298,238,246,250,268,272,283,273,282,238,291,247,268,268,283,273,297,238,238,249,249,268,283,273,271,238,283,251,283
Senegal,156,327,194,212,203,229,185,217,156,327,194,195,203,218,208,216,156,327,194,195,203,207,193,198,156,327,194,196,203,293,196,226,97,327,194,193,203,203,195,196,97,327,194,210,203,325,189,218
Serbia,63,9,20,11,19,9,18,11,63,9,20,12,19,11,21,15,63,9,20,19,19,17,18,17,63,9,20,12,19,9,17,15,68,9,20,20,19,19,16,16,68,9,20,13,19,9,18,12
Sierra Leone,64,50,45,48,37,41,50,50,64,50,45,43,37,42,39,42,64,50,45,45,37,39,48,48,64,50,45,41,37,50,44,44,45,50,45,47,37,37,44,44,45,50,45,46,37,51,49,48
Singapore,0,1,0,0,0,1,0,0,0,1,0,0,0,0,0,0,0,1,0,0,0,0,0,0,0,1,0,0,0,1,0,0,0,1,0,0,0,0,0,0,0,1,0,1,0,1,0,0
Slovakia,50,67,48,53,74,71,50,58,50,67,48,49,74,78,72,73,50,67,48,50,74,74,54,54,50,67,48,45,74,69,56,61,76,67,48,48,74,74,56,56,76,67,48,50,74,67,52,58
Slovenia,33,32,32,34,28,36,31,35,33,32,32,32,28,34,31,32,33,32,32,30,28,29,32,32,33,32,32,32,28,36,31,33,34,32,32,30,28,28,31,31,34,32,32,25,28,32,31,35
Solomon Islands,2,3,2,2,2,2,2,2,2,3,2,2,2,2,2,2,2,3,2,2,2,2,2,2,2,3,2,2,2,2,2,2,3,3,2,2,2,2,2,2,3,3,2,2,2,3,2,2
Somalia,284,113,158,112,218,114,218,112,284,113,158,130,218,152,197,154,284,113,158,139,218,172,209,152,284,113,158,112,218,112,200,131,678,113,158,174,218,218,200,201,678,113,158,197,218,112,211,112
South Africa,705,684,709,712,708,772,741,732,705,684,709,688,708,766,677,707,705,684,709,681,708,724,737,756,705,684,709,718,708,748,717,768,912,684,709,686,708,708,719,719,912,684,709,707,708,688,741,745
South Georgia and the South Sandwich Islands,0,0,0,0,0,0,0,0,0,0,0,0,0,0,0,0,0,0,0,0,0,0,0,0,0,0,0,0,0,0,0,0,0,0,0,0,0,0,0,0,0,0,0,0,0,0,0,0
South Korea,55,92,53,75,44,80,52,77,55,92,53,53,44,65,45,45,55,92,53,53,44,44,51,53,55,92,53,70,44,89,49,59,94,92,53,52,44,44,50,50,94,92,53,67,44,92,52,72
South Sudan,272,207,290,223,315,230,343,224,272,207,290,227,315,276,341,321,272,207,290,229,315,306,348,327,272,207,290,227,315,217,356,292,403,207,290,297,315,316,354,354,403,207,290,334,315,207,343,231
Spain,302,287,355,290,320,288,359,294,302,287,355,355,320,298,324,308,302,287,355,355,320,307,342,316,302,287,355,291,320,287,343,297,370,287,355,355,320,320,344,344,370,287,355,336,320,287,347,294
Sri Lanka,43,43,61,55,59,43,61,50,43,43,61,61,59,43,45,44,43,43,61,61,59,55,60,60,43,43,61,60,59,43,54,46,44,43,61,61,59,59,54,54,44,43,61,61,59,43,60,51
Sudan,257,50,174,64,315,58,241,58,257,50,174,115,315,164,306,243,257,50,174,124,315,286,240,201,257,50,174,93,315,49,272,105,299,50,174,229,315,315,265,266,299,50,174,194,315,49,240,64
Suriname,57,39,53,38,69,40,73,38,57,39,53,38,69,51,71,64,57,39,53,38,69,66,72,60,57,39,53,38,69,38,70,41,57,39,53,47,69,69,71,71,57,39,53,50,69,38,73,38
Svalbard and Jan Mayen,41,41,41,41,41,41,41,41,41,41,41,41,41,41,41,41,41,41,41,41,41,41,41,41,41,41,41,41,41,41,41,41,41,41,41,41,41,41,41,41,41,41,41,41,41,41,41,41
Swaziland,9,0,5,0,29,0,10,0,9,0,5,3,29,18,17,17,9,0,5,3,29,28,10,6,9,0,5,3,29,0,12,3,16,0,5,7,29,29,12,12,16,0,5,10,29,0,10,0
Sweden,139,144,185,145,434,473,331,189,139,144,185,191,434,492,417,446,139,144,185,191,434,449,346,350,139,144,185,147,434,344,388,432,135,144,185,137,434,434,382,380,135,144,185,158,434,144,328,309
Switzerland,6,6,7,8,10,10,24,8,6,6,7,7,10,11,23,21,6,6,7,7,10,10,24,24,6,6,7,8,10,7,24,25,16,6,7,7,10,10,24,24,16,6,7,7,10,7,24,9
Syria,10,0,17,4,15,0,18,3,10,0,17,17,15,0,9,0,10,0,17,17,15,4,19,19,10,0,17,17,15,0,16,2,2,0,17,17,15,15,16,16,2,0,17,17,15,0,19,3
Taiwan,16,47,16,42,37,45,19,41,16,47,16,25,37,43,24,33,16,47,16,25,37,41,22,24,16,47,16,25,37,47,23,25,23,47,16,16,37,37,23,23,23,47,16,31,37,47,21,38
Tajikistan,64,64,64,64,64,64,64,64,64,64,64,64,64,64,64,64,64,64,64,64,64,64,64,64,64,64,64,64,64,64,64,64,64,64,64,64,64,64,64,64,64,64,64,64,64,64,64,64
Tanzania,740,736,763,760,922,827,846,770,740,736,763,783,922,859,903,879,740,736,763,779,922,902,851,830,740,736,763,777,922,765,864,801,960,736,763,759,922,922,866,866,960,736,763,774,922,735,848,775
Thailand,325,569,316,385,303,463,316,382,325,569,316,324,303,384,301,319,325,569,316,323,303,321,315,319,325,569,316,339,303,487,306,348,305,569,316,311,303,303,308,308,305,569,316,314,303,566,316,368
Timor-Leste,4,2,8,7,12,2,8,7,4,2,8,7,12,8,9,7,4,2,8,8,12,10,8,7,4,2,8,7,12,2,7,6,4,2,8,8,12,12,7,7,4,2,8,8,12,2,8,6
Togo,25,16,23,18,62,37,26,18,25,16,23,22,62,54,52,55,25,16,23,23,62,60,29,27,25,16,23,20,62,25,33,24,39,16,23,24,62,62,31,31,39,16,23,22,62,16,26,19
Trinidad and Tobago,1,1,1,1,1,1,1,1,1,1,1,1,1,1,1,1,1,1,1,1,1,1,1,1,1,1,1,1,1,1,1,1,1,1,1,1,1,1,1,1,1,1,1,1,1,1,1,1
Tunisia,48,229,70,174,74,152,63,150,48,229,70,83,74,108,66,72,48,229,70,83,74,79,65,72,48,229,70,91,74,168,67,99,83,229,70,77,74,74,66,66,83,229,70,93,74,229,64,134
Turkey,459,1158,330,383,577,925,327,444,459,1158,330,327,577,804,435,502,459,1158,330,320,577,642,350,369,459,1158,330,346,577,970,373,443,376,1158,330,291,577,577,371,371,376,1158,330,305,577,1134,333,454
Turkmenistan,35,30,83,34,44,30,69,33,35,30,83,41,44,30,47,45,35,30,83,73,44,41,60,56,35,30,83,40,44,30,57,43,46,30,83,69,44,44,57,57,46,30,83,76,44,30,65,34
Uganda,117,176,115,131,138,147,123,133,117,176,115,128,138,131,134,130,117,176,115,130,138,136,126,126,117,176,115,136,138,168,131,128,188,176,115,118,138,138,132,132,188,176,115,112,138,179,124,133
Ukraine,325,35,46,36,214,84,60,36,325,35,46,39,214,193,179,171,325,35,46,39,214,211,78,64,325,35,46,39,214,35,115,78,787,35,46,46,214,214,109,109,787,35,46,40,214,35,65,36
United Arab Emirates,22,36,24,24,22,36,23,29,22,36,24,25,22,30,21,21,22,36,24,25,22,22,23,24,22,36,24,25,22,36,22,24,21,36,24,24,22,22,22,22,21,36,24,32,22,36,23,25
United Kingdom,104,104,104,104,105,104,141,104,104,104,104,104,105,104,126,114,104,104,104,130,105,104,140,135,104,104,104,104,105,104,135,104,104,104,104,104,105,105,135,135,104,104,104,104,105,104,141,104
United States,5597,4788,5853,5395,6110,5479,6170,5439,5597,4788,5853,5691,6110,5826,6158,6047,5597,4788,5853,5765,6110,6065,6187,6034,5597,4788,5853,5596,6110,5238,6200,5793,5597,4788,5853,5841,6110,6109,6197,6201,5597,4788,5853,5843,6110,4797,6180,5547
Uruguay,59,104,98,126,71,122,83,120,59,104,98,121,71,99,78,83,59,104,98,128,71,76,82,92,59,104,98,123,71,124,84,109,59,104,98,80,71,71,83,83,59,104,98,106,71,100,86,121
Uzbekistan,15,15,15,15,15,15,15,15,15,15,15,15,15,15,15,15,15,15,15,15,15,15,15,15,15,15,15,15,15,15,15,15,15,15,15,15,15,15,15,15,15,15,15,15,15,15,15,15
Venezuela,849,803,875,814,893,830,888,813,849,803,875,864,893,849,879,864,849,803,875,861,893,877,881,864,849,803,875,835,893,812,878,839,849,803,875,867,893,893,879,879,849,803,875,855,893,803,887,818
Vietnam,206,141,163,211,238,247,181,217,206,141,163,193,238,248,212,213,206,141,163,188,238,240,182,184,206,141,163,198,238,219,183,209,194,141,163,163,238,238,182,182,194,141,163,181,238,141,183,211
Western Sahara,26,64,39,67,26,32,33,56,26,64,39,44,26,26,26,26,26,64,39,44,26,26,31,30,26,64,39,44,26,33,29,30,27,64,39,44,26,26,29,30,27,64,39,35,26,26,31,42
Yemen,104,0,96,24,148,7,131,22,104,0,96,39,148,49,139,117,104,0,96,54,148,127,136,77,104,0,96,26,148,0,129,48,157,0,96,82,148,148,133,133,157,0,96,79,148,0,136,25
Zambia,557,599,555,599,580,580,592,607,557,599,555,608,580,581,587,582,557,599,555,608,580,578,589,595,557,599,555,626,580,603,585,599,605,599,555,582,580,579,586,586,605,599,555,556,580,604,593,617
Zimbabwe,261,207,280,209,340,207,373,209,261,207,280,242,340,208,341,276,261,207,280,245,340,291,373,285,261,207,280,212,340,207,362,215,214,207,280,273,340,340,363,364,214,207,280,279,340,207,373,210
